<?xml version="1.0"?>
<ss:Workbook xmlns:x="urn:schemas-microsoft-com:office:excel"
 xmlns:ss="urn:schemas-microsoft-com:office:spreadsheet"
 xmlns:c="urn:schemas-microsoft-com:office:component:spreadsheet">
 <x:ExcelWorkbook>
  <x:ProtectStructure>False</x:ProtectStructure>
  <x:ActiveSheet>0</x:ActiveSheet>
  <x:HideWorkbookTabs/>
  <x:HideHorizontalScrollBar/>
  <x:HideVerticalScrollBar/>
 </x:ExcelWorkbook>
 <ss:Styles>
  <ss:Style ss:ID="Default">
   <ss:Alignment ss:Horizontal="Automatic" ss:Rotate="0.0" ss:Vertical="Bottom"
    ss:ReadingOrder="Context"/>
   <ss:Borders>
   </ss:Borders>
   <ss:Font ss:FontName="Arial" ss:Size="10" ss:Color="Automatic" ss:Bold="0"
    ss:Italic="0" ss:Underline="None"/>
   <ss:Interior ss:Color="Automatic" ss:Pattern="None"/>
   <ss:NumberFormat ss:Format="General"/>
   <ss:Protection ss:Protected="1"/>
  </ss:Style>
  <ss:Style ss:ID="wc21AD750000000000">
   <ss:Alignment/>
   <ss:Font/>
   <ss:Interior ss:Color="#B0C4DE" ss:Pattern="Solid"/>
  </ss:Style>
  <ss:Style ss:ID="wc21AD3B0000000000">
   <ss:Alignment/>
   <ss:Font/>
   <ss:Interior/>
   <ss:NumberFormat ss:Format="Short Date"/>
  </ss:Style>
  <ss:Style ss:ID="wc1071C60000000000">
   <ss:Alignment ss:Horizontal="Right"/>
   <ss:Font ss:Size="8"/>
   <ss:Interior/>
  </ss:Style>
  <ss:Style ss:ID="mc21AD3F0021AD3F00">
   <ss:Alignment/>
   <ss:Font/>
   <ss:Interior ss:Color="#B0C4DE" ss:Pattern="Solid"/>
  </ss:Style>
 </ss:Styles>
 <c:ComponentOptions>
  <c:Toolbar ss:Hidden="1">
  </c:Toolbar>
  <c:Label>
   <c:Caption>Hoja de cálculo de Microsoft Office</c:Caption>
  </c:Label>
  <c:MaxHeight>80%</c:MaxHeight>
  <c:MaxWidth>80%</c:MaxWidth>
  <c:NextSheetNumber>4</c:NextSheetNumber>
 </c:ComponentOptions>
 <x:WorkbookOptions>
  <c:OWCVersion>12.0.0.6502         </c:OWCVersion>
  <x:Height>4445</x:Height>
  <x:Width>13547</x:Width>
 </x:WorkbookOptions>
 <ss:Worksheet ss:Name="Hoja1">
  <x:WorksheetOptions>
   <x:Selected/>
   <x:DoNotDisplayColHeaders/>
   <x:DoNotDisplayRowHeaders/>
   <x:ViewableRange>R1C1:R10C7</x:ViewableRange>
   <x:Selection>R1C2:R1C6</x:Selection>
   <x:TopRowVisible>0</x:TopRowVisible>
   <x:LeftColumnVisible>0</x:LeftColumnVisible>
   <x:ProtectContents>False</x:ProtectContents>
  </x:WorksheetOptions>
  <c:WorksheetOptions>
  </c:WorksheetOptions>
  <ss:Table ss:ExpandedColumnCount="7" ss:ExpandedRowCount="10"
   ss:DefaultColumnWidth="48.0" ss:DefaultRowHeight="12.75">
   <ss:Column ss:Width="61.49999999999999" ss:AutoFitWidth="0"/>
   <ss:Column ss:Width="82.5" ss:AutoFitWidth="0"/>
   <ss:Column ss:Width="45.74999999999999" ss:AutoFitWidth="0"/>
   <ss:Column ss:Index="7" ss:Width="45.74999999999999" ss:AutoFitWidth="0"/>
   <ss:Row>
    <ss:Cell ss:StyleID="wc21AD750000000000">
     <ss:Data ss:Type="String">Fecha</ss:Data>
    </ss:Cell>
    <ss:Cell ss:MergeAcross="4" ss:StyleID="mc21AD3F0021AD3F00">
     <ss:Data ss:Type="String">Folio</ss:Data>
    </ss:Cell>
    <ss:Cell ss:Index="7" ss:StyleID="wc21AD750000000000">
     <ss:Data ss:Type="String">Tipo</ss:Data>
    </ss:Cell>
   </ss:Row>
   <ss:Row>
    <ss:Cell ss:StyleID="wc21AD3B0000000000"/>
    <ss:Cell ss:StyleID="Default"/>
    <ss:Cell ss:MergeAcross="3" ss:StyleID="Default"/>
   </ss:Row>
   <ss:Row>
    <ss:Cell ss:MergeAcross="6" ss:StyleID="mc21AD3F0021AD3F00">
     <ss:Data ss:Type="String">Emisor</ss:Data>
    </ss:Cell>
   </ss:Row>
   <ss:Row>
    <ss:Cell ss:StyleID="wc1071C60000000000">
     <ss:Data ss:Type="String">RFC</ss:Data>
    </ss:Cell>
    <ss:Cell ss:StyleID="Default"/>
    <ss:Cell ss:MergeAcross="3" ss:StyleID="Default"/>
    <ss:Cell ss:Index="7" ss:StyleID="Default"/>
   </ss:Row>
   <ss:Row>
    <ss:Cell ss:StyleID="wc1071C60000000000">
     <ss:Data ss:Type="String">LugarExped</ss:Data>
    </ss:Cell>
    <ss:Cell ss:MergeAcross="5" ss:StyleID="Default"/>
   </ss:Row>
   <ss:Row>
    <ss:Cell ss:Index="2" ss:MergeAcross="5" ss:StyleID="Default"/>
   </ss:Row>
   <ss:Row>
    <ss:Cell ss:MergeAcross="6" ss:StyleID="mc21AD3F0021AD3F00">
     <ss:Data ss:Type="String">Receptor</ss:Data>
    </ss:Cell>
   </ss:Row>
   <ss:Row>
    <ss:Cell ss:StyleID="wc1071C60000000000">
     <ss:Data ss:Type="String">RFC</ss:Data>
    </ss:Cell>
    <ss:Cell ss:StyleID="Default"/>
    <ss:Cell ss:MergeAcross="4" ss:StyleID="Default"/>
   </ss:Row>
   <ss:Row>
    <ss:Cell ss:StyleID="wc1071C60000000000">
     <ss:Data ss:Type="String">Domicilio</ss:Data>
    </ss:Cell>
    <ss:Cell ss:MergeAcross="5" ss:StyleID="Default"/>
   </ss:Row>
   <ss:Row>
    <ss:Cell ss:MergeAcross="6" ss:StyleID="Default"/>
   </ss:Row>
  </ss:Table>
 </ss:Worksheet>
 <ss:Worksheet ss:Name="Hoja2">
  <x:WorksheetOptions>
   <x:ViewableRange>R1:R262144</x:ViewableRange>
   <x:Selection>R1C1</x:Selection>
   <x:TopRowVisible>0</x:TopRowVisible>
   <x:LeftColumnVisible>0</x:LeftColumnVisible>
   <x:ProtectContents>False</x:ProtectContents>
  </x:WorksheetOptions>
  <c:WorksheetOptions>
  </c:WorksheetOptions>
 </ss:Worksheet>
 <ss:Worksheet ss:Name="Hoja3">
  <x:WorksheetOptions>
   <x:ViewableRange>R1:R262144</x:ViewableRange>
   <x:Selection>R1C1</x:Selection>
   <x:TopRowVisible>0</x:TopRowVisible>
   <x:LeftColumnVisible>0</x:LeftColumnVisible>
   <x:ProtectContents>False</x:ProtectContents>
  </x:WorksheetOptions>
  <c:WorksheetOptions>
  </c:WorksheetOptions>
 </ss:Worksheet>
</ss:Workbook>
