<?xml version="1.0"?>
<ss:Workbook xmlns:x="urn:schemas-microsoft-com:office:excel"
 xmlns:ss="urn:schemas-microsoft-com:office:spreadsheet"
 xmlns:c="urn:schemas-microsoft-com:office:component:spreadsheet">
 <x:ExcelWorkbook>
  <x:ProtectStructure>False</x:ProtectStructure>
  <x:ActiveSheet>5</x:ActiveSheet>
  <x:HideWorkbookTabs/>
  <x:HideHorizontalScrollBar/>
  <x:HideVerticalScrollBar/>
 </x:ExcelWorkbook>
 <ss:Styles>
  <ss:Style ss:ID="Default">
   <ss:Alignment ss:Horizontal="Automatic" ss:Rotate="0.0" ss:Vertical="Bottom"
    ss:ReadingOrder="Context"/>
   <ss:Borders>
   </ss:Borders>
   <ss:Font ss:FontName="Arial" ss:Size="10" ss:Color="Automatic" ss:Bold="0"
    ss:Italic="0" ss:Underline="None"/>
   <ss:Interior ss:Color="Automatic" ss:Pattern="None"/>
   <ss:NumberFormat ss:Format="General"/>
   <ss:Protection ss:Protected="1"/>
  </ss:Style>
  <ss:Style ss:ID="wc01FA0B0000000000">
   <ss:Alignment/>
   <ss:Font ss:Size="8" ss:Color="#FFFFFF" ss:Bold="1"/>
   <ss:Interior ss:Color="#FF0000" ss:Pattern="Solid"/>
  </ss:Style>
  <ss:Style ss:ID="wc01FA0C0000000000">
   <ss:Alignment/>
   <ss:Font ss:Size="7"/>
   <ss:Interior/>
  </ss:Style>
  <ss:Style ss:ID="wc01FA0E0000000000">
   <ss:Alignment/>
   <ss:Font/>
   <ss:Interior ss:Color="#1E90FF" ss:Pattern="Solid"/>
  </ss:Style>
 </ss:Styles>
 <c:ComponentOptions>
  <c:Toolbar ss:Hidden="1">
  </c:Toolbar>
  <c:Label>
   <c:Caption>Hoja de cálculo de Microsoft Office</c:Caption>
  </c:Label>
  <c:MaxHeight>80%</c:MaxHeight>
  <c:MaxWidth>80%</c:MaxWidth>
  <c:NextSheetNumber>7</c:NextSheetNumber>
 </c:ComponentOptions>
 <x:WorkbookOptions>
  <c:OWCVersion>12.0.0.6502         </c:OWCVersion>
  <x:Height>5715</x:Height>
  <x:Width>13970</x:Width>
 </x:WorkbookOptions>
 <ss:Worksheet ss:Name="Hoja1">
  <x:WorksheetOptions>
   <x:DoNotDisplayColHeaders/>
   <x:DoNotDisplayRowHeaders/>
   <x:ViewableRange>R1C1:R30C12</x:ViewableRange>
   <x:Selection>R6C4</x:Selection>
   <x:FreezePanes/>
   <x:FrozenNoSplit/>
   <x:TopRowVisible>0</x:TopRowVisible>
   <x:TopRowBottomPane>1</x:TopRowBottomPane>
   <x:SplitHorizontal>1</x:SplitHorizontal>
   <x:ActivePane>2</x:ActivePane>
   <x:ProtectContents>False</x:ProtectContents>
  </x:WorksheetOptions>
  <c:WorksheetOptions>
  </c:WorksheetOptions>
  <ss:Table ss:ExpandedColumnCount="12" ss:ExpandedRowCount="20"
   ss:DefaultColumnWidth="48.0" ss:DefaultRowHeight="12.75">
   <ss:Column ss:Index="2" ss:Width="35.24999999999999" ss:AutoFitWidth="0"/>
   <ss:Column ss:Span="1" ss:Width="51.0" ss:AutoFitWidth="0"/>
   <ss:Column ss:Index="10" ss:Width="51.0" ss:AutoFitWidth="0"/>
   <ss:Row>
    <ss:Cell ss:StyleID="wc01FA0B0000000000">
     <ss:Data ss:Type="String">Producto</ss:Data>
    </ss:Cell>
    <ss:Cell ss:StyleID="wc01FA0B0000000000">
     <ss:Data ss:Type="String">Cant.</ss:Data>
    </ss:Cell>
    <ss:Cell ss:StyleID="wc01FA0B0000000000">
     <ss:Data ss:Type="String">Precio</ss:Data>
    </ss:Cell>
    <ss:Cell ss:StyleID="wc01FA0B0000000000">
     <ss:Data ss:Type="String">Importe</ss:Data>
    </ss:Cell>
    <ss:Cell ss:StyleID="wc01FA0B0000000000">
     <ss:Data ss:Type="String">Descto.</ss:Data>
    </ss:Cell>
    <ss:Cell ss:StyleID="wc01FA0B0000000000">
     <ss:Data ss:Type="String">Iva</ss:Data>
    </ss:Cell>
    <ss:Cell ss:StyleID="wc01FA0B0000000000">
     <ss:Data ss:Type="String">RetIva</ss:Data>
    </ss:Cell>
    <ss:Cell ss:StyleID="wc01FA0B0000000000">
     <ss:Data ss:Type="String">RetIsr</ss:Data>
    </ss:Cell>
    <ss:Cell ss:StyleID="wc01FA0B0000000000">
     <ss:Data ss:Type="String">IEPS</ss:Data>
    </ss:Cell>
    <ss:Cell ss:StyleID="wc01FA0B0000000000">
     <ss:Data ss:Type="String">Total</ss:Data>
    </ss:Cell>
    <ss:Cell ss:StyleID="wc01FA0B0000000000">
     <ss:Data ss:Type="String">Equipo</ss:Data>
    </ss:Cell>
    <ss:Cell ss:StyleID="wc01FA0B0000000000">
     <ss:Data ss:Type="String">Segmento</ss:Data>
    </ss:Cell>
   </ss:Row>
   <ss:Row>
    <ss:Cell ss:StyleID="wc01FA0C0000000000"/>
    <ss:Cell ss:StyleID="wc01FA0C0000000000"/>
    <ss:Cell ss:StyleID="wc01FA0C0000000000"/>
    <ss:Cell ss:StyleID="wc01FA0C0000000000"/>
    <ss:Cell ss:StyleID="wc01FA0C0000000000"/>
    <ss:Cell ss:StyleID="wc01FA0C0000000000"/>
    <ss:Cell ss:StyleID="wc01FA0C0000000000"/>
    <ss:Cell ss:StyleID="wc01FA0C0000000000"/>
    <ss:Cell ss:StyleID="wc01FA0C0000000000"/>
    <ss:Cell ss:StyleID="wc01FA0C0000000000"/>
    <ss:Cell ss:StyleID="wc01FA0C0000000000"/>
   </ss:Row>
   <ss:Row>
    <ss:Cell ss:StyleID="wc01FA0C0000000000"/>
    <ss:Cell ss:StyleID="wc01FA0C0000000000"/>
    <ss:Cell ss:StyleID="wc01FA0C0000000000"/>
    <ss:Cell ss:StyleID="wc01FA0C0000000000"/>
    <ss:Cell ss:StyleID="wc01FA0C0000000000"/>
    <ss:Cell ss:StyleID="wc01FA0C0000000000"/>
    <ss:Cell ss:StyleID="wc01FA0C0000000000"/>
    <ss:Cell ss:StyleID="wc01FA0C0000000000"/>
    <ss:Cell ss:StyleID="wc01FA0C0000000000"/>
    <ss:Cell ss:StyleID="wc01FA0C0000000000"/>
    <ss:Cell ss:StyleID="wc01FA0C0000000000"/>
   </ss:Row>
   <ss:Row>
    <ss:Cell ss:StyleID="wc01FA0C0000000000"/>
    <ss:Cell ss:StyleID="wc01FA0C0000000000"/>
    <ss:Cell ss:StyleID="wc01FA0C0000000000"/>
    <ss:Cell ss:StyleID="wc01FA0C0000000000"/>
    <ss:Cell ss:StyleID="wc01FA0C0000000000"/>
    <ss:Cell ss:StyleID="wc01FA0C0000000000"/>
    <ss:Cell ss:StyleID="wc01FA0C0000000000"/>
    <ss:Cell ss:StyleID="wc01FA0C0000000000"/>
    <ss:Cell ss:StyleID="wc01FA0C0000000000"/>
    <ss:Cell ss:StyleID="wc01FA0C0000000000"/>
    <ss:Cell ss:StyleID="wc01FA0C0000000000"/>
   </ss:Row>
   <ss:Row>
    <ss:Cell ss:StyleID="wc01FA0C0000000000"/>
    <ss:Cell ss:StyleID="wc01FA0C0000000000"/>
    <ss:Cell ss:StyleID="wc01FA0C0000000000"/>
    <ss:Cell ss:StyleID="wc01FA0C0000000000"/>
    <ss:Cell ss:StyleID="wc01FA0C0000000000"/>
    <ss:Cell ss:StyleID="wc01FA0C0000000000"/>
    <ss:Cell ss:StyleID="wc01FA0C0000000000"/>
    <ss:Cell ss:StyleID="wc01FA0C0000000000"/>
    <ss:Cell ss:StyleID="wc01FA0C0000000000"/>
    <ss:Cell ss:StyleID="wc01FA0C0000000000"/>
    <ss:Cell ss:StyleID="wc01FA0C0000000000"/>
   </ss:Row>
   <ss:Row>
    <ss:Cell ss:StyleID="wc01FA0C0000000000"/>
    <ss:Cell ss:StyleID="wc01FA0C0000000000"/>
    <ss:Cell ss:StyleID="wc01FA0C0000000000"/>
    <ss:Cell ss:StyleID="wc01FA0C0000000000"/>
    <ss:Cell ss:StyleID="wc01FA0C0000000000"/>
    <ss:Cell ss:StyleID="wc01FA0C0000000000"/>
    <ss:Cell ss:StyleID="wc01FA0C0000000000"/>
    <ss:Cell ss:StyleID="wc01FA0C0000000000"/>
    <ss:Cell ss:StyleID="wc01FA0C0000000000"/>
    <ss:Cell ss:StyleID="wc01FA0C0000000000"/>
    <ss:Cell ss:StyleID="wc01FA0C0000000000"/>
   </ss:Row>
   <ss:Row>
    <ss:Cell ss:StyleID="wc01FA0C0000000000"/>
    <ss:Cell ss:StyleID="wc01FA0C0000000000"/>
    <ss:Cell ss:StyleID="wc01FA0C0000000000"/>
    <ss:Cell ss:StyleID="wc01FA0C0000000000"/>
    <ss:Cell ss:StyleID="wc01FA0C0000000000"/>
    <ss:Cell ss:StyleID="wc01FA0C0000000000"/>
    <ss:Cell ss:StyleID="wc01FA0C0000000000"/>
    <ss:Cell ss:StyleID="wc01FA0C0000000000"/>
    <ss:Cell ss:StyleID="wc01FA0C0000000000"/>
    <ss:Cell ss:StyleID="wc01FA0C0000000000"/>
    <ss:Cell ss:StyleID="wc01FA0C0000000000"/>
   </ss:Row>
   <ss:Row>
    <ss:Cell ss:StyleID="wc01FA0C0000000000"/>
    <ss:Cell ss:StyleID="wc01FA0C0000000000"/>
    <ss:Cell ss:StyleID="wc01FA0C0000000000"/>
    <ss:Cell ss:StyleID="wc01FA0C0000000000"/>
    <ss:Cell ss:StyleID="wc01FA0C0000000000"/>
    <ss:Cell ss:StyleID="wc01FA0C0000000000"/>
    <ss:Cell ss:StyleID="wc01FA0C0000000000"/>
    <ss:Cell ss:StyleID="wc01FA0C0000000000"/>
    <ss:Cell ss:StyleID="wc01FA0C0000000000"/>
    <ss:Cell ss:StyleID="wc01FA0C0000000000"/>
    <ss:Cell ss:StyleID="wc01FA0C0000000000"/>
   </ss:Row>
   <ss:Row>
    <ss:Cell ss:StyleID="wc01FA0C0000000000"/>
    <ss:Cell ss:StyleID="wc01FA0C0000000000"/>
    <ss:Cell ss:StyleID="wc01FA0C0000000000"/>
    <ss:Cell ss:StyleID="wc01FA0C0000000000"/>
    <ss:Cell ss:StyleID="wc01FA0C0000000000"/>
    <ss:Cell ss:StyleID="wc01FA0C0000000000"/>
    <ss:Cell ss:StyleID="wc01FA0C0000000000"/>
    <ss:Cell ss:StyleID="wc01FA0C0000000000"/>
    <ss:Cell ss:StyleID="wc01FA0C0000000000"/>
    <ss:Cell ss:StyleID="wc01FA0C0000000000"/>
    <ss:Cell ss:StyleID="wc01FA0C0000000000"/>
   </ss:Row>
   <ss:Row>
    <ss:Cell ss:StyleID="wc01FA0C0000000000"/>
    <ss:Cell ss:StyleID="wc01FA0C0000000000"/>
    <ss:Cell ss:StyleID="wc01FA0C0000000000"/>
    <ss:Cell ss:StyleID="wc01FA0C0000000000"/>
    <ss:Cell ss:StyleID="wc01FA0C0000000000"/>
    <ss:Cell ss:StyleID="wc01FA0C0000000000"/>
    <ss:Cell ss:StyleID="wc01FA0C0000000000"/>
    <ss:Cell ss:StyleID="wc01FA0C0000000000"/>
    <ss:Cell ss:StyleID="wc01FA0C0000000000"/>
    <ss:Cell ss:StyleID="wc01FA0C0000000000"/>
    <ss:Cell ss:StyleID="wc01FA0C0000000000"/>
   </ss:Row>
   <ss:Row>
    <ss:Cell ss:StyleID="wc01FA0C0000000000"/>
    <ss:Cell ss:StyleID="wc01FA0C0000000000"/>
    <ss:Cell ss:StyleID="wc01FA0C0000000000"/>
    <ss:Cell ss:StyleID="wc01FA0C0000000000"/>
    <ss:Cell ss:StyleID="wc01FA0C0000000000"/>
    <ss:Cell ss:StyleID="wc01FA0C0000000000"/>
    <ss:Cell ss:StyleID="wc01FA0C0000000000"/>
    <ss:Cell ss:StyleID="wc01FA0C0000000000"/>
    <ss:Cell ss:StyleID="wc01FA0C0000000000"/>
    <ss:Cell ss:StyleID="wc01FA0C0000000000"/>
    <ss:Cell ss:StyleID="wc01FA0C0000000000"/>
   </ss:Row>
   <ss:Row>
    <ss:Cell ss:StyleID="wc01FA0C0000000000"/>
    <ss:Cell ss:StyleID="wc01FA0C0000000000"/>
    <ss:Cell ss:StyleID="wc01FA0C0000000000"/>
    <ss:Cell ss:StyleID="wc01FA0C0000000000"/>
    <ss:Cell ss:StyleID="wc01FA0C0000000000"/>
    <ss:Cell ss:StyleID="wc01FA0C0000000000"/>
    <ss:Cell ss:StyleID="wc01FA0C0000000000"/>
    <ss:Cell ss:StyleID="wc01FA0C0000000000"/>
    <ss:Cell ss:StyleID="wc01FA0C0000000000"/>
    <ss:Cell ss:StyleID="wc01FA0C0000000000"/>
    <ss:Cell ss:StyleID="wc01FA0C0000000000"/>
   </ss:Row>
   <ss:Row>
    <ss:Cell ss:StyleID="wc01FA0C0000000000"/>
    <ss:Cell ss:StyleID="wc01FA0C0000000000"/>
    <ss:Cell ss:StyleID="wc01FA0C0000000000"/>
    <ss:Cell ss:StyleID="wc01FA0C0000000000"/>
    <ss:Cell ss:StyleID="wc01FA0C0000000000"/>
    <ss:Cell ss:StyleID="wc01FA0C0000000000"/>
    <ss:Cell ss:StyleID="wc01FA0C0000000000"/>
    <ss:Cell ss:StyleID="wc01FA0C0000000000"/>
    <ss:Cell ss:StyleID="wc01FA0C0000000000"/>
    <ss:Cell ss:StyleID="wc01FA0C0000000000"/>
    <ss:Cell ss:StyleID="wc01FA0C0000000000"/>
   </ss:Row>
   <ss:Row>
    <ss:Cell ss:StyleID="wc01FA0C0000000000"/>
    <ss:Cell ss:StyleID="wc01FA0C0000000000"/>
    <ss:Cell ss:StyleID="wc01FA0C0000000000"/>
    <ss:Cell ss:StyleID="wc01FA0C0000000000"/>
    <ss:Cell ss:StyleID="wc01FA0C0000000000"/>
    <ss:Cell ss:StyleID="wc01FA0C0000000000"/>
    <ss:Cell ss:StyleID="wc01FA0C0000000000"/>
    <ss:Cell ss:StyleID="wc01FA0C0000000000"/>
    <ss:Cell ss:StyleID="wc01FA0C0000000000"/>
    <ss:Cell ss:StyleID="wc01FA0C0000000000"/>
    <ss:Cell ss:StyleID="wc01FA0C0000000000"/>
   </ss:Row>
   <ss:Row>
    <ss:Cell ss:StyleID="wc01FA0C0000000000"/>
    <ss:Cell ss:StyleID="wc01FA0C0000000000"/>
    <ss:Cell ss:StyleID="wc01FA0C0000000000"/>
    <ss:Cell ss:StyleID="wc01FA0C0000000000"/>
    <ss:Cell ss:StyleID="wc01FA0C0000000000"/>
    <ss:Cell ss:StyleID="wc01FA0C0000000000"/>
    <ss:Cell ss:StyleID="wc01FA0C0000000000"/>
    <ss:Cell ss:StyleID="wc01FA0C0000000000"/>
    <ss:Cell ss:StyleID="wc01FA0C0000000000"/>
    <ss:Cell ss:StyleID="wc01FA0C0000000000"/>
    <ss:Cell ss:StyleID="wc01FA0C0000000000"/>
   </ss:Row>
   <ss:Row>
    <ss:Cell ss:StyleID="wc01FA0C0000000000"/>
    <ss:Cell ss:StyleID="wc01FA0C0000000000"/>
    <ss:Cell ss:StyleID="wc01FA0C0000000000"/>
    <ss:Cell ss:StyleID="wc01FA0C0000000000"/>
    <ss:Cell ss:StyleID="wc01FA0C0000000000"/>
    <ss:Cell ss:StyleID="wc01FA0C0000000000"/>
    <ss:Cell ss:StyleID="wc01FA0C0000000000"/>
    <ss:Cell ss:StyleID="wc01FA0C0000000000"/>
    <ss:Cell ss:StyleID="wc01FA0C0000000000"/>
    <ss:Cell ss:StyleID="wc01FA0C0000000000"/>
    <ss:Cell ss:StyleID="wc01FA0C0000000000"/>
   </ss:Row>
   <ss:Row>
    <ss:Cell ss:StyleID="wc01FA0C0000000000"/>
    <ss:Cell ss:StyleID="wc01FA0C0000000000"/>
    <ss:Cell ss:StyleID="wc01FA0C0000000000"/>
    <ss:Cell ss:StyleID="wc01FA0C0000000000"/>
    <ss:Cell ss:StyleID="wc01FA0C0000000000"/>
    <ss:Cell ss:StyleID="wc01FA0C0000000000"/>
    <ss:Cell ss:StyleID="wc01FA0C0000000000"/>
    <ss:Cell ss:StyleID="wc01FA0C0000000000"/>
    <ss:Cell ss:StyleID="wc01FA0C0000000000"/>
    <ss:Cell ss:StyleID="wc01FA0C0000000000"/>
    <ss:Cell ss:StyleID="wc01FA0C0000000000"/>
   </ss:Row>
   <ss:Row>
    <ss:Cell ss:StyleID="wc01FA0C0000000000"/>
    <ss:Cell ss:StyleID="wc01FA0C0000000000"/>
    <ss:Cell ss:StyleID="wc01FA0C0000000000"/>
    <ss:Cell ss:StyleID="wc01FA0C0000000000"/>
    <ss:Cell ss:StyleID="wc01FA0C0000000000"/>
    <ss:Cell ss:StyleID="wc01FA0C0000000000"/>
    <ss:Cell ss:StyleID="wc01FA0C0000000000"/>
    <ss:Cell ss:StyleID="wc01FA0C0000000000"/>
    <ss:Cell ss:StyleID="wc01FA0C0000000000"/>
    <ss:Cell ss:StyleID="wc01FA0C0000000000"/>
    <ss:Cell ss:StyleID="wc01FA0C0000000000"/>
   </ss:Row>
   <ss:Row>
    <ss:Cell ss:StyleID="wc01FA0C0000000000"/>
    <ss:Cell ss:StyleID="wc01FA0C0000000000"/>
    <ss:Cell ss:StyleID="wc01FA0C0000000000"/>
    <ss:Cell ss:StyleID="wc01FA0C0000000000"/>
    <ss:Cell ss:StyleID="wc01FA0C0000000000"/>
    <ss:Cell ss:StyleID="wc01FA0C0000000000"/>
    <ss:Cell ss:StyleID="wc01FA0C0000000000"/>
    <ss:Cell ss:StyleID="wc01FA0C0000000000"/>
    <ss:Cell ss:StyleID="wc01FA0C0000000000"/>
    <ss:Cell ss:StyleID="wc01FA0C0000000000"/>
    <ss:Cell ss:StyleID="wc01FA0C0000000000"/>
   </ss:Row>
   <ss:Row>
    <ss:Cell ss:StyleID="wc01FA0C0000000000"/>
    <ss:Cell ss:StyleID="wc01FA0C0000000000"/>
    <ss:Cell ss:StyleID="wc01FA0C0000000000"/>
    <ss:Cell ss:StyleID="wc01FA0C0000000000"/>
    <ss:Cell ss:StyleID="wc01FA0C0000000000"/>
    <ss:Cell ss:StyleID="wc01FA0C0000000000"/>
    <ss:Cell ss:StyleID="wc01FA0C0000000000"/>
    <ss:Cell ss:StyleID="wc01FA0C0000000000"/>
    <ss:Cell ss:StyleID="wc01FA0C0000000000"/>
    <ss:Cell ss:StyleID="wc01FA0C0000000000"/>
    <ss:Cell ss:StyleID="wc01FA0C0000000000"/>
   </ss:Row>
  </ss:Table>
 </ss:Worksheet>
 <ss:Worksheet ss:Name="Hoja2">
  <x:WorksheetOptions>
   <x:ViewableRange>R1:R262144</x:ViewableRange>
   <x:Selection>R1C12</x:Selection>
   <x:TopRowVisible>0</x:TopRowVisible>
   <x:LeftColumnVisible>5</x:LeftColumnVisible>
   <x:ProtectContents>False</x:ProtectContents>
  </x:WorksheetOptions>
  <c:WorksheetOptions>
  </c:WorksheetOptions>
 </ss:Worksheet>
 <ss:Worksheet ss:Name="Hoja3">
  <x:WorksheetOptions>
   <x:ViewableRange>R1:R262144</x:ViewableRange>
   <x:Selection>R6C4</x:Selection>
   <x:TopRowVisible>0</x:TopRowVisible>
   <x:LeftColumnVisible>0</x:LeftColumnVisible>
   <x:ProtectContents>False</x:ProtectContents>
  </x:WorksheetOptions>
  <c:WorksheetOptions>
  </c:WorksheetOptions>
 </ss:Worksheet>
 <ss:Worksheet ss:Name="Hoja4">
  <x:WorksheetOptions>
   <x:DoNotDisplayColHeaders/>
   <x:DoNotDisplayRowHeaders/>
   <x:ViewableRange>R1C1:R20C7</x:ViewableRange>
   <x:Selection>R2C1</x:Selection>
   <x:FreezePanes/>
   <x:FrozenNoSplit/>
   <x:TopRowVisible>0</x:TopRowVisible>
   <x:TopRowBottomPane>1</x:TopRowBottomPane>
   <x:SplitHorizontal>1</x:SplitHorizontal>
   <x:ActivePane>2</x:ActivePane>
   <x:ProtectContents>False</x:ProtectContents>
  </x:WorksheetOptions>
  <c:WorksheetOptions>
  </c:WorksheetOptions>
  <ss:Table ss:ExpandedColumnCount="7" ss:ExpandedRowCount="1"
   ss:DefaultColumnWidth="48.0" ss:DefaultRowHeight="12.75">
   <ss:Column ss:Width="66.75" ss:AutoFitWidth="0"/>
   <ss:Column ss:Width="82.5" ss:AutoFitWidth="0"/>
   <ss:Column ss:Width="35.24999999999999" ss:AutoFitWidth="0"/>
   <ss:Column ss:Width="45.74999999999999" ss:AutoFitWidth="0"/>
   <ss:Column ss:Width="56.24999999999999" ss:AutoFitWidth="0"/>
   <ss:Column ss:Width="43.49999999999999" ss:AutoFitWidth="0"/>
   <ss:Column ss:Width="61.49999999999999" ss:AutoFitWidth="0"/>
   <ss:Row>
    <ss:Cell ss:StyleID="wc01FA0E0000000000">
     <ss:Data ss:Type="String">Vencimiento</ss:Data>
    </ss:Cell>
    <ss:Cell ss:StyleID="wc01FA0E0000000000">
     <ss:Data ss:Type="String">Concepto</ss:Data>
    </ss:Cell>
    <ss:Cell ss:StyleID="wc01FA0E0000000000">
     <ss:Data ss:Type="String">Serie</ss:Data>
    </ss:Cell>
    <ss:Cell ss:StyleID="wc01FA0E0000000000">
     <ss:Data ss:Type="String">Folio</ss:Data>
    </ss:Cell>
    <ss:Cell ss:StyleID="wc01FA0E0000000000">
     <ss:Data ss:Type="String">Saldo</ss:Data>
    </ss:Cell>
    <ss:Cell ss:StyleID="wc01FA0E0000000000">
     <ss:Data ss:Type="String">Abono</ss:Data>
    </ss:Cell>
    <ss:Cell ss:StyleID="wc01FA0E0000000000">
     <ss:Data ss:Type="String">NuevoSaldo</ss:Data>
    </ss:Cell>
   </ss:Row>
  </ss:Table>
 </ss:Worksheet>
 <ss:Worksheet ss:Name="Hoja5">
  <x:WorksheetOptions>
   <x:ViewableRange>R1:R262144</x:ViewableRange>
   <x:Selection>R1C1</x:Selection>
   <x:TopRowVisible>0</x:TopRowVisible>
   <x:LeftColumnVisible>0</x:LeftColumnVisible>
   <x:ProtectContents>False</x:ProtectContents>
  </x:WorksheetOptions>
  <c:WorksheetOptions>
  </c:WorksheetOptions>
 </ss:Worksheet>
 <ss:Worksheet ss:Name="Hoja6">
  <x:WorksheetOptions>
   <x:Selected/>
   <x:DoNotDisplayColHeaders/>
   <x:DoNotDisplayRowHeaders/>
   <x:ViewableRange>R1C1:R30C12</x:ViewableRange>
   <x:Selection>R3C5</x:Selection>
   <x:FreezePanes/>
   <x:FrozenNoSplit/>
   <x:TopRowVisible>0</x:TopRowVisible>
   <x:TopRowBottomPane>1</x:TopRowBottomPane>
   <x:SplitHorizontal>1</x:SplitHorizontal>
   <x:ActivePane>2</x:ActivePane>
   <x:ProtectContents>False</x:ProtectContents>
  </x:WorksheetOptions>
  <c:WorksheetOptions>
  </c:WorksheetOptions>
  <ss:Table ss:ExpandedColumnCount="12" ss:ExpandedRowCount="30"
   ss:DefaultColumnWidth="48.0" ss:DefaultRowHeight="12.75">
   <ss:Column ss:Index="2" ss:Width="35.24999999999999" ss:AutoFitWidth="0"/>
   <ss:Column ss:Width="51.0" ss:AutoFitWidth="0"/>
   <ss:Column ss:Span="1" ss:Width="45.74999999999999" ss:AutoFitWidth="0"/>
   <ss:Column ss:Width="56.24999999999999" ss:AutoFitWidth="0"/>
   <ss:Column ss:Index="10" ss:Width="51.0" ss:AutoFitWidth="0"/>
   <ss:Row>
    <ss:Cell ss:StyleID="wc01FA0B0000000000">
     <ss:Data ss:Type="String">Producto</ss:Data>
    </ss:Cell>
    <ss:Cell ss:StyleID="wc01FA0B0000000000">
     <ss:Data ss:Type="String">Cant.</ss:Data>
    </ss:Cell>
    <ss:Cell ss:StyleID="wc01FA0B0000000000">
     <ss:Data ss:Type="String">Importe</ss:Data>
    </ss:Cell>
    <ss:Cell ss:StyleID="wc01FA0B0000000000">
     <ss:Data ss:Type="String">% Descto.</ss:Data>
    </ss:Cell>
    <ss:Cell ss:StyleID="wc01FA0B0000000000">
     <ss:Data ss:Type="String">Descto.</ss:Data>
    </ss:Cell>
    <ss:Cell ss:StyleID="wc01FA0B0000000000">
     <ss:Data ss:Type="String">Imp. C/Desc</ss:Data>
    </ss:Cell>
    <ss:Cell ss:StyleID="wc01FA0B0000000000">
     <ss:Data ss:Type="String">Iva</ss:Data>
    </ss:Cell>
    <ss:Cell ss:StyleID="wc01FA0B0000000000">
     <ss:Data ss:Type="String">Total</ss:Data>
    </ss:Cell>
    <ss:Cell ss:StyleID="wc01FA0B0000000000"/>
    <ss:Cell ss:StyleID="wc01FA0B0000000000"/>
    <ss:Cell ss:StyleID="wc01FA0B0000000000"/>
    <ss:Cell ss:StyleID="wc01FA0B0000000000"/>
   </ss:Row>
   <ss:Row>
    <ss:Cell ss:StyleID="wc01FA0C0000000000"/>
    <ss:Cell ss:StyleID="wc01FA0C0000000000"/>
    <ss:Cell ss:StyleID="wc01FA0C0000000000"/>
    <ss:Cell ss:StyleID="wc01FA0C0000000000"/>
    <ss:Cell ss:StyleID="wc01FA0C0000000000"/>
    <ss:Cell ss:StyleID="wc01FA0C0000000000"/>
    <ss:Cell ss:StyleID="wc01FA0C0000000000"/>
    <ss:Cell ss:StyleID="wc01FA0C0000000000"/>
    <ss:Cell ss:StyleID="wc01FA0C0000000000"/>
    <ss:Cell ss:StyleID="wc01FA0C0000000000"/>
    <ss:Cell ss:StyleID="wc01FA0C0000000000"/>
    <ss:Cell ss:StyleID="wc01FA0C0000000000"/>
   </ss:Row>
   <ss:Row>
    <ss:Cell ss:StyleID="wc01FA0C0000000000"/>
    <ss:Cell ss:StyleID="wc01FA0C0000000000"/>
    <ss:Cell ss:StyleID="wc01FA0C0000000000"/>
    <ss:Cell ss:StyleID="wc01FA0C0000000000"/>
    <ss:Cell ss:StyleID="wc01FA0C0000000000"/>
    <ss:Cell ss:StyleID="wc01FA0C0000000000"/>
    <ss:Cell ss:StyleID="wc01FA0C0000000000"/>
    <ss:Cell ss:StyleID="wc01FA0C0000000000"/>
    <ss:Cell ss:StyleID="wc01FA0C0000000000"/>
    <ss:Cell ss:StyleID="wc01FA0C0000000000"/>
    <ss:Cell ss:StyleID="wc01FA0C0000000000"/>
    <ss:Cell ss:StyleID="wc01FA0C0000000000"/>
   </ss:Row>
   <ss:Row>
    <ss:Cell ss:StyleID="wc01FA0C0000000000"/>
    <ss:Cell ss:StyleID="wc01FA0C0000000000"/>
    <ss:Cell ss:StyleID="wc01FA0C0000000000"/>
    <ss:Cell ss:StyleID="wc01FA0C0000000000"/>
    <ss:Cell ss:StyleID="wc01FA0C0000000000"/>
    <ss:Cell ss:StyleID="wc01FA0C0000000000"/>
    <ss:Cell ss:StyleID="wc01FA0C0000000000"/>
    <ss:Cell ss:StyleID="wc01FA0C0000000000"/>
    <ss:Cell ss:StyleID="wc01FA0C0000000000"/>
    <ss:Cell ss:StyleID="wc01FA0C0000000000"/>
    <ss:Cell ss:StyleID="wc01FA0C0000000000"/>
    <ss:Cell ss:StyleID="wc01FA0C0000000000"/>
   </ss:Row>
   <ss:Row>
    <ss:Cell ss:StyleID="wc01FA0C0000000000"/>
    <ss:Cell ss:StyleID="wc01FA0C0000000000"/>
    <ss:Cell ss:StyleID="wc01FA0C0000000000"/>
    <ss:Cell ss:StyleID="wc01FA0C0000000000"/>
    <ss:Cell ss:StyleID="wc01FA0C0000000000"/>
    <ss:Cell ss:StyleID="wc01FA0C0000000000"/>
    <ss:Cell ss:StyleID="wc01FA0C0000000000"/>
    <ss:Cell ss:StyleID="wc01FA0C0000000000"/>
    <ss:Cell ss:StyleID="wc01FA0C0000000000"/>
    <ss:Cell ss:StyleID="wc01FA0C0000000000"/>
    <ss:Cell ss:StyleID="wc01FA0C0000000000"/>
    <ss:Cell ss:StyleID="wc01FA0C0000000000"/>
   </ss:Row>
   <ss:Row>
    <ss:Cell ss:StyleID="wc01FA0C0000000000"/>
    <ss:Cell ss:StyleID="wc01FA0C0000000000"/>
    <ss:Cell ss:StyleID="wc01FA0C0000000000"/>
    <ss:Cell ss:StyleID="wc01FA0C0000000000"/>
    <ss:Cell ss:StyleID="wc01FA0C0000000000"/>
    <ss:Cell ss:StyleID="wc01FA0C0000000000"/>
    <ss:Cell ss:StyleID="wc01FA0C0000000000"/>
    <ss:Cell ss:StyleID="wc01FA0C0000000000"/>
    <ss:Cell ss:StyleID="wc01FA0C0000000000"/>
    <ss:Cell ss:StyleID="wc01FA0C0000000000"/>
    <ss:Cell ss:StyleID="wc01FA0C0000000000"/>
    <ss:Cell ss:StyleID="wc01FA0C0000000000"/>
   </ss:Row>
   <ss:Row>
    <ss:Cell ss:StyleID="wc01FA0C0000000000"/>
    <ss:Cell ss:StyleID="wc01FA0C0000000000"/>
    <ss:Cell ss:StyleID="wc01FA0C0000000000"/>
    <ss:Cell ss:StyleID="wc01FA0C0000000000"/>
    <ss:Cell ss:StyleID="wc01FA0C0000000000"/>
    <ss:Cell ss:StyleID="wc01FA0C0000000000"/>
    <ss:Cell ss:StyleID="wc01FA0C0000000000"/>
    <ss:Cell ss:StyleID="wc01FA0C0000000000"/>
    <ss:Cell ss:StyleID="wc01FA0C0000000000"/>
    <ss:Cell ss:StyleID="wc01FA0C0000000000"/>
    <ss:Cell ss:StyleID="wc01FA0C0000000000"/>
    <ss:Cell ss:StyleID="wc01FA0C0000000000"/>
   </ss:Row>
   <ss:Row>
    <ss:Cell ss:StyleID="wc01FA0C0000000000"/>
    <ss:Cell ss:StyleID="wc01FA0C0000000000"/>
    <ss:Cell ss:StyleID="wc01FA0C0000000000"/>
    <ss:Cell ss:StyleID="wc01FA0C0000000000"/>
    <ss:Cell ss:StyleID="wc01FA0C0000000000"/>
    <ss:Cell ss:StyleID="wc01FA0C0000000000"/>
    <ss:Cell ss:StyleID="wc01FA0C0000000000"/>
    <ss:Cell ss:StyleID="wc01FA0C0000000000"/>
    <ss:Cell ss:StyleID="wc01FA0C0000000000"/>
    <ss:Cell ss:StyleID="wc01FA0C0000000000"/>
    <ss:Cell ss:StyleID="wc01FA0C0000000000"/>
    <ss:Cell ss:StyleID="wc01FA0C0000000000"/>
   </ss:Row>
   <ss:Row>
    <ss:Cell ss:StyleID="wc01FA0C0000000000"/>
    <ss:Cell ss:StyleID="wc01FA0C0000000000"/>
    <ss:Cell ss:StyleID="wc01FA0C0000000000"/>
    <ss:Cell ss:StyleID="wc01FA0C0000000000"/>
    <ss:Cell ss:StyleID="wc01FA0C0000000000"/>
    <ss:Cell ss:StyleID="wc01FA0C0000000000"/>
    <ss:Cell ss:StyleID="wc01FA0C0000000000"/>
    <ss:Cell ss:StyleID="wc01FA0C0000000000"/>
    <ss:Cell ss:StyleID="wc01FA0C0000000000"/>
    <ss:Cell ss:StyleID="wc01FA0C0000000000"/>
    <ss:Cell ss:StyleID="wc01FA0C0000000000"/>
    <ss:Cell ss:StyleID="wc01FA0C0000000000"/>
   </ss:Row>
   <ss:Row>
    <ss:Cell ss:StyleID="wc01FA0C0000000000"/>
    <ss:Cell ss:StyleID="wc01FA0C0000000000"/>
    <ss:Cell ss:StyleID="wc01FA0C0000000000"/>
    <ss:Cell ss:StyleID="wc01FA0C0000000000"/>
    <ss:Cell ss:StyleID="wc01FA0C0000000000"/>
    <ss:Cell ss:StyleID="wc01FA0C0000000000"/>
    <ss:Cell ss:StyleID="wc01FA0C0000000000"/>
    <ss:Cell ss:StyleID="wc01FA0C0000000000"/>
    <ss:Cell ss:StyleID="wc01FA0C0000000000"/>
    <ss:Cell ss:StyleID="wc01FA0C0000000000"/>
    <ss:Cell ss:StyleID="wc01FA0C0000000000"/>
    <ss:Cell ss:StyleID="wc01FA0C0000000000"/>
   </ss:Row>
   <ss:Row>
    <ss:Cell ss:StyleID="wc01FA0C0000000000"/>
    <ss:Cell ss:StyleID="wc01FA0C0000000000"/>
    <ss:Cell ss:StyleID="wc01FA0C0000000000"/>
    <ss:Cell ss:StyleID="wc01FA0C0000000000"/>
    <ss:Cell ss:StyleID="wc01FA0C0000000000"/>
    <ss:Cell ss:StyleID="wc01FA0C0000000000"/>
    <ss:Cell ss:StyleID="wc01FA0C0000000000"/>
    <ss:Cell ss:StyleID="wc01FA0C0000000000"/>
    <ss:Cell ss:StyleID="wc01FA0C0000000000"/>
    <ss:Cell ss:StyleID="wc01FA0C0000000000"/>
    <ss:Cell ss:StyleID="wc01FA0C0000000000"/>
    <ss:Cell ss:StyleID="wc01FA0C0000000000"/>
   </ss:Row>
   <ss:Row>
    <ss:Cell ss:StyleID="wc01FA0C0000000000"/>
    <ss:Cell ss:StyleID="wc01FA0C0000000000"/>
    <ss:Cell ss:StyleID="wc01FA0C0000000000"/>
    <ss:Cell ss:StyleID="wc01FA0C0000000000"/>
    <ss:Cell ss:StyleID="wc01FA0C0000000000"/>
    <ss:Cell ss:StyleID="wc01FA0C0000000000"/>
    <ss:Cell ss:StyleID="wc01FA0C0000000000"/>
    <ss:Cell ss:StyleID="wc01FA0C0000000000"/>
    <ss:Cell ss:StyleID="wc01FA0C0000000000"/>
    <ss:Cell ss:StyleID="wc01FA0C0000000000"/>
    <ss:Cell ss:StyleID="wc01FA0C0000000000"/>
    <ss:Cell ss:StyleID="wc01FA0C0000000000"/>
   </ss:Row>
   <ss:Row>
    <ss:Cell ss:StyleID="wc01FA0C0000000000"/>
    <ss:Cell ss:StyleID="wc01FA0C0000000000"/>
    <ss:Cell ss:StyleID="wc01FA0C0000000000"/>
    <ss:Cell ss:StyleID="wc01FA0C0000000000"/>
    <ss:Cell ss:StyleID="wc01FA0C0000000000"/>
    <ss:Cell ss:StyleID="wc01FA0C0000000000"/>
    <ss:Cell ss:StyleID="wc01FA0C0000000000"/>
    <ss:Cell ss:StyleID="wc01FA0C0000000000"/>
    <ss:Cell ss:StyleID="wc01FA0C0000000000"/>
    <ss:Cell ss:StyleID="wc01FA0C0000000000"/>
    <ss:Cell ss:StyleID="wc01FA0C0000000000"/>
    <ss:Cell ss:StyleID="wc01FA0C0000000000"/>
   </ss:Row>
   <ss:Row>
    <ss:Cell ss:StyleID="wc01FA0C0000000000"/>
    <ss:Cell ss:StyleID="wc01FA0C0000000000"/>
    <ss:Cell ss:StyleID="wc01FA0C0000000000"/>
    <ss:Cell ss:StyleID="wc01FA0C0000000000"/>
    <ss:Cell ss:StyleID="wc01FA0C0000000000"/>
    <ss:Cell ss:StyleID="wc01FA0C0000000000"/>
    <ss:Cell ss:StyleID="wc01FA0C0000000000"/>
    <ss:Cell ss:StyleID="wc01FA0C0000000000"/>
    <ss:Cell ss:StyleID="wc01FA0C0000000000"/>
    <ss:Cell ss:StyleID="wc01FA0C0000000000"/>
    <ss:Cell ss:StyleID="wc01FA0C0000000000"/>
    <ss:Cell ss:StyleID="wc01FA0C0000000000"/>
   </ss:Row>
   <ss:Row>
    <ss:Cell ss:StyleID="wc01FA0C0000000000"/>
    <ss:Cell ss:StyleID="wc01FA0C0000000000"/>
    <ss:Cell ss:StyleID="wc01FA0C0000000000"/>
    <ss:Cell ss:StyleID="wc01FA0C0000000000"/>
    <ss:Cell ss:StyleID="wc01FA0C0000000000"/>
    <ss:Cell ss:StyleID="wc01FA0C0000000000"/>
    <ss:Cell ss:StyleID="wc01FA0C0000000000"/>
    <ss:Cell ss:StyleID="wc01FA0C0000000000"/>
    <ss:Cell ss:StyleID="wc01FA0C0000000000"/>
    <ss:Cell ss:StyleID="wc01FA0C0000000000"/>
    <ss:Cell ss:StyleID="wc01FA0C0000000000"/>
    <ss:Cell ss:StyleID="wc01FA0C0000000000"/>
   </ss:Row>
   <ss:Row>
    <ss:Cell ss:StyleID="wc01FA0C0000000000"/>
    <ss:Cell ss:StyleID="wc01FA0C0000000000"/>
    <ss:Cell ss:StyleID="wc01FA0C0000000000"/>
    <ss:Cell ss:StyleID="wc01FA0C0000000000"/>
    <ss:Cell ss:StyleID="wc01FA0C0000000000"/>
    <ss:Cell ss:StyleID="wc01FA0C0000000000"/>
    <ss:Cell ss:StyleID="wc01FA0C0000000000"/>
    <ss:Cell ss:StyleID="wc01FA0C0000000000"/>
    <ss:Cell ss:StyleID="wc01FA0C0000000000"/>
    <ss:Cell ss:StyleID="wc01FA0C0000000000"/>
    <ss:Cell ss:StyleID="wc01FA0C0000000000"/>
    <ss:Cell ss:StyleID="wc01FA0C0000000000"/>
   </ss:Row>
   <ss:Row>
    <ss:Cell ss:StyleID="wc01FA0C0000000000"/>
    <ss:Cell ss:StyleID="wc01FA0C0000000000"/>
    <ss:Cell ss:StyleID="wc01FA0C0000000000"/>
    <ss:Cell ss:StyleID="wc01FA0C0000000000"/>
    <ss:Cell ss:StyleID="wc01FA0C0000000000"/>
    <ss:Cell ss:StyleID="wc01FA0C0000000000"/>
    <ss:Cell ss:StyleID="wc01FA0C0000000000"/>
    <ss:Cell ss:StyleID="wc01FA0C0000000000"/>
    <ss:Cell ss:StyleID="wc01FA0C0000000000"/>
    <ss:Cell ss:StyleID="wc01FA0C0000000000"/>
    <ss:Cell ss:StyleID="wc01FA0C0000000000"/>
    <ss:Cell ss:StyleID="wc01FA0C0000000000"/>
   </ss:Row>
   <ss:Row>
    <ss:Cell ss:StyleID="wc01FA0C0000000000"/>
    <ss:Cell ss:StyleID="wc01FA0C0000000000"/>
    <ss:Cell ss:StyleID="wc01FA0C0000000000"/>
    <ss:Cell ss:StyleID="wc01FA0C0000000000"/>
    <ss:Cell ss:StyleID="wc01FA0C0000000000"/>
    <ss:Cell ss:StyleID="wc01FA0C0000000000"/>
    <ss:Cell ss:StyleID="wc01FA0C0000000000"/>
    <ss:Cell ss:StyleID="wc01FA0C0000000000"/>
    <ss:Cell ss:StyleID="wc01FA0C0000000000"/>
    <ss:Cell ss:StyleID="wc01FA0C0000000000"/>
    <ss:Cell ss:StyleID="wc01FA0C0000000000"/>
    <ss:Cell ss:StyleID="wc01FA0C0000000000"/>
   </ss:Row>
   <ss:Row>
    <ss:Cell ss:StyleID="wc01FA0C0000000000"/>
    <ss:Cell ss:StyleID="wc01FA0C0000000000"/>
    <ss:Cell ss:StyleID="wc01FA0C0000000000"/>
    <ss:Cell ss:StyleID="wc01FA0C0000000000"/>
    <ss:Cell ss:StyleID="wc01FA0C0000000000"/>
    <ss:Cell ss:StyleID="wc01FA0C0000000000"/>
    <ss:Cell ss:StyleID="wc01FA0C0000000000"/>
    <ss:Cell ss:StyleID="wc01FA0C0000000000"/>
    <ss:Cell ss:StyleID="wc01FA0C0000000000"/>
    <ss:Cell ss:StyleID="wc01FA0C0000000000"/>
    <ss:Cell ss:StyleID="wc01FA0C0000000000"/>
    <ss:Cell ss:StyleID="wc01FA0C0000000000"/>
   </ss:Row>
   <ss:Row>
    <ss:Cell ss:StyleID="wc01FA0C0000000000"/>
    <ss:Cell ss:StyleID="wc01FA0C0000000000"/>
    <ss:Cell ss:StyleID="wc01FA0C0000000000"/>
    <ss:Cell ss:StyleID="wc01FA0C0000000000"/>
    <ss:Cell ss:StyleID="wc01FA0C0000000000"/>
    <ss:Cell ss:StyleID="wc01FA0C0000000000"/>
    <ss:Cell ss:StyleID="wc01FA0C0000000000"/>
    <ss:Cell ss:StyleID="wc01FA0C0000000000"/>
    <ss:Cell ss:StyleID="wc01FA0C0000000000"/>
    <ss:Cell ss:StyleID="wc01FA0C0000000000"/>
    <ss:Cell ss:StyleID="wc01FA0C0000000000"/>
    <ss:Cell ss:StyleID="wc01FA0C0000000000"/>
   </ss:Row>
   <ss:Row>
    <ss:Cell ss:StyleID="wc01FA0C0000000000"/>
    <ss:Cell ss:StyleID="wc01FA0C0000000000"/>
    <ss:Cell ss:StyleID="wc01FA0C0000000000"/>
    <ss:Cell ss:StyleID="wc01FA0C0000000000"/>
    <ss:Cell ss:StyleID="wc01FA0C0000000000"/>
    <ss:Cell ss:StyleID="wc01FA0C0000000000"/>
    <ss:Cell ss:StyleID="wc01FA0C0000000000"/>
    <ss:Cell ss:StyleID="wc01FA0C0000000000"/>
    <ss:Cell ss:StyleID="wc01FA0C0000000000"/>
    <ss:Cell ss:StyleID="wc01FA0C0000000000"/>
    <ss:Cell ss:StyleID="wc01FA0C0000000000"/>
    <ss:Cell ss:StyleID="wc01FA0C0000000000"/>
   </ss:Row>
   <ss:Row>
    <ss:Cell ss:StyleID="wc01FA0C0000000000"/>
    <ss:Cell ss:StyleID="wc01FA0C0000000000"/>
    <ss:Cell ss:StyleID="wc01FA0C0000000000"/>
    <ss:Cell ss:StyleID="wc01FA0C0000000000"/>
    <ss:Cell ss:StyleID="wc01FA0C0000000000"/>
    <ss:Cell ss:StyleID="wc01FA0C0000000000"/>
    <ss:Cell ss:StyleID="wc01FA0C0000000000"/>
    <ss:Cell ss:StyleID="wc01FA0C0000000000"/>
    <ss:Cell ss:StyleID="wc01FA0C0000000000"/>
    <ss:Cell ss:StyleID="wc01FA0C0000000000"/>
    <ss:Cell ss:StyleID="wc01FA0C0000000000"/>
    <ss:Cell ss:StyleID="wc01FA0C0000000000"/>
   </ss:Row>
   <ss:Row>
    <ss:Cell ss:StyleID="wc01FA0C0000000000"/>
    <ss:Cell ss:StyleID="wc01FA0C0000000000"/>
    <ss:Cell ss:StyleID="wc01FA0C0000000000"/>
    <ss:Cell ss:StyleID="wc01FA0C0000000000"/>
    <ss:Cell ss:StyleID="wc01FA0C0000000000"/>
    <ss:Cell ss:StyleID="wc01FA0C0000000000"/>
    <ss:Cell ss:StyleID="wc01FA0C0000000000"/>
    <ss:Cell ss:StyleID="wc01FA0C0000000000"/>
    <ss:Cell ss:StyleID="wc01FA0C0000000000"/>
    <ss:Cell ss:StyleID="wc01FA0C0000000000"/>
    <ss:Cell ss:StyleID="wc01FA0C0000000000"/>
    <ss:Cell ss:StyleID="wc01FA0C0000000000"/>
   </ss:Row>
   <ss:Row>
    <ss:Cell ss:StyleID="wc01FA0C0000000000"/>
    <ss:Cell ss:StyleID="wc01FA0C0000000000"/>
    <ss:Cell ss:StyleID="wc01FA0C0000000000"/>
    <ss:Cell ss:StyleID="wc01FA0C0000000000"/>
    <ss:Cell ss:StyleID="wc01FA0C0000000000"/>
    <ss:Cell ss:StyleID="wc01FA0C0000000000"/>
    <ss:Cell ss:StyleID="wc01FA0C0000000000"/>
    <ss:Cell ss:StyleID="wc01FA0C0000000000"/>
    <ss:Cell ss:StyleID="wc01FA0C0000000000"/>
    <ss:Cell ss:StyleID="wc01FA0C0000000000"/>
    <ss:Cell ss:StyleID="wc01FA0C0000000000"/>
    <ss:Cell ss:StyleID="wc01FA0C0000000000"/>
   </ss:Row>
   <ss:Row>
    <ss:Cell ss:StyleID="wc01FA0C0000000000"/>
    <ss:Cell ss:StyleID="wc01FA0C0000000000"/>
    <ss:Cell ss:StyleID="wc01FA0C0000000000"/>
    <ss:Cell ss:StyleID="wc01FA0C0000000000"/>
    <ss:Cell ss:StyleID="wc01FA0C0000000000"/>
    <ss:Cell ss:StyleID="wc01FA0C0000000000"/>
    <ss:Cell ss:StyleID="wc01FA0C0000000000"/>
    <ss:Cell ss:StyleID="wc01FA0C0000000000"/>
    <ss:Cell ss:StyleID="wc01FA0C0000000000"/>
    <ss:Cell ss:StyleID="wc01FA0C0000000000"/>
    <ss:Cell ss:StyleID="wc01FA0C0000000000"/>
    <ss:Cell ss:StyleID="wc01FA0C0000000000"/>
   </ss:Row>
   <ss:Row>
    <ss:Cell ss:StyleID="wc01FA0C0000000000"/>
    <ss:Cell ss:StyleID="wc01FA0C0000000000"/>
    <ss:Cell ss:StyleID="wc01FA0C0000000000"/>
    <ss:Cell ss:StyleID="wc01FA0C0000000000"/>
    <ss:Cell ss:StyleID="wc01FA0C0000000000"/>
    <ss:Cell ss:StyleID="wc01FA0C0000000000"/>
    <ss:Cell ss:StyleID="wc01FA0C0000000000"/>
    <ss:Cell ss:StyleID="wc01FA0C0000000000"/>
    <ss:Cell ss:StyleID="wc01FA0C0000000000"/>
    <ss:Cell ss:StyleID="wc01FA0C0000000000"/>
    <ss:Cell ss:StyleID="wc01FA0C0000000000"/>
    <ss:Cell ss:StyleID="wc01FA0C0000000000"/>
   </ss:Row>
   <ss:Row>
    <ss:Cell ss:StyleID="wc01FA0C0000000000"/>
    <ss:Cell ss:StyleID="wc01FA0C0000000000"/>
    <ss:Cell ss:StyleID="wc01FA0C0000000000"/>
    <ss:Cell ss:StyleID="wc01FA0C0000000000"/>
    <ss:Cell ss:StyleID="wc01FA0C0000000000"/>
    <ss:Cell ss:StyleID="wc01FA0C0000000000"/>
    <ss:Cell ss:StyleID="wc01FA0C0000000000"/>
    <ss:Cell ss:StyleID="wc01FA0C0000000000"/>
    <ss:Cell ss:StyleID="wc01FA0C0000000000"/>
    <ss:Cell ss:StyleID="wc01FA0C0000000000"/>
    <ss:Cell ss:StyleID="wc01FA0C0000000000"/>
    <ss:Cell ss:StyleID="wc01FA0C0000000000"/>
   </ss:Row>
   <ss:Row>
    <ss:Cell ss:StyleID="wc01FA0C0000000000"/>
    <ss:Cell ss:StyleID="wc01FA0C0000000000"/>
    <ss:Cell ss:StyleID="wc01FA0C0000000000"/>
    <ss:Cell ss:StyleID="wc01FA0C0000000000"/>
    <ss:Cell ss:StyleID="wc01FA0C0000000000"/>
    <ss:Cell ss:StyleID="wc01FA0C0000000000"/>
    <ss:Cell ss:StyleID="wc01FA0C0000000000"/>
    <ss:Cell ss:StyleID="wc01FA0C0000000000"/>
    <ss:Cell ss:StyleID="wc01FA0C0000000000"/>
    <ss:Cell ss:StyleID="wc01FA0C0000000000"/>
    <ss:Cell ss:StyleID="wc01FA0C0000000000"/>
    <ss:Cell ss:StyleID="wc01FA0C0000000000"/>
   </ss:Row>
   <ss:Row>
    <ss:Cell ss:StyleID="wc01FA0C0000000000"/>
    <ss:Cell ss:StyleID="wc01FA0C0000000000"/>
    <ss:Cell ss:StyleID="wc01FA0C0000000000"/>
    <ss:Cell ss:StyleID="wc01FA0C0000000000"/>
    <ss:Cell ss:StyleID="wc01FA0C0000000000"/>
    <ss:Cell ss:StyleID="wc01FA0C0000000000"/>
    <ss:Cell ss:StyleID="wc01FA0C0000000000"/>
    <ss:Cell ss:StyleID="wc01FA0C0000000000"/>
    <ss:Cell ss:StyleID="wc01FA0C0000000000"/>
    <ss:Cell ss:StyleID="wc01FA0C0000000000"/>
    <ss:Cell ss:StyleID="wc01FA0C0000000000"/>
    <ss:Cell ss:StyleID="wc01FA0C0000000000"/>
   </ss:Row>
   <ss:Row>
    <ss:Cell ss:StyleID="wc01FA0C0000000000"/>
    <ss:Cell ss:StyleID="wc01FA0C0000000000"/>
    <ss:Cell ss:StyleID="wc01FA0C0000000000"/>
    <ss:Cell ss:StyleID="wc01FA0C0000000000"/>
    <ss:Cell ss:StyleID="wc01FA0C0000000000"/>
    <ss:Cell ss:StyleID="wc01FA0C0000000000"/>
    <ss:Cell ss:StyleID="wc01FA0C0000000000"/>
    <ss:Cell ss:StyleID="wc01FA0C0000000000"/>
    <ss:Cell ss:StyleID="wc01FA0C0000000000"/>
    <ss:Cell ss:StyleID="wc01FA0C0000000000"/>
    <ss:Cell ss:StyleID="wc01FA0C0000000000"/>
    <ss:Cell ss:StyleID="wc01FA0C0000000000"/>
   </ss:Row>
  </ss:Table>
 </ss:Worksheet>
</ss:Workbook>
