<?xml version="1.0"?>
<ss:Workbook xmlns:o="urn:schemas-microsoft-com:office:office"
 xmlns:x="urn:schemas-microsoft-com:office:excel"
 xmlns:ss="urn:schemas-microsoft-com:office:spreadsheet"
 xmlns:c="urn:schemas-microsoft-com:office:component:spreadsheet"
 xmlns:html="http://www.w3.org/TR/REC-html40">
 <x:ExcelWorkbook>
  <x:ProtectStructure>False</x:ProtectStructure>
  <x:ActiveSheet>0</x:ActiveSheet>
  <x:HideWorkbookTabs/>
  <x:HideHorizontalScrollBar/>
 </x:ExcelWorkbook>
 <ss:Styles>
  <ss:Style ss:ID="Default">
   <ss:Alignment ss:Horizontal="Automatic" ss:Rotate="0.0" ss:Vertical="Bottom"
    ss:ReadingOrder="Context"/>
   <ss:Borders>
   </ss:Borders>
   <ss:Font ss:FontName="Arial" ss:Size="10" ss:Color="Automatic" ss:Bold="0"
    ss:Italic="0" ss:Underline="None"/>
   <ss:Interior ss:Color="Automatic" ss:Pattern="None"/>
   <ss:NumberFormat ss:Format="General"/>
   <ss:Protection ss:Protected="1"/>
  </ss:Style>
  <ss:Style ss:ID="wc19B4430000000000">
   <ss:Alignment/>
   <ss:Font ss:Size="8"/>
   <ss:Interior/>
  </ss:Style>
  <ss:Style ss:ID="wc19B4450000000000">
   <ss:Alignment/>
   <ss:Font ss:Size="8" ss:Color="#FF0000"/>
   <ss:Interior ss:Color="#E6E6FA" ss:Pattern="Solid"/>
  </ss:Style>
  <ss:Style ss:ID="wc19B4460000000000">
   <ss:Alignment/>
   <ss:Font ss:Size="8"/>
   <ss:Interior ss:Color="#90EE90" ss:Pattern="Solid"/>
  </ss:Style>
  <ss:Style ss:ID="wc19B4470000000000">
   <ss:Alignment ss:Vertical="Bottom"/>
   <ss:Font ss:FontName="Calibri" ss:Size="11" ss:Color="#000000"/>
   <ss:Interior ss:Color="#92CDDC" ss:Pattern="Solid"/>
  </ss:Style>
  <ss:Style ss:ID="wc19B4480000000000">
   <ss:Alignment ss:Vertical="Bottom"/>
   <ss:Font ss:FontName="Calibri" ss:Size="11" ss:Color="#000000"/>
   <ss:Interior ss:Color="#92CDDC" ss:Pattern="Solid"/>
   <ss:NumberFormat ss:Format="Standard"/>
  </ss:Style>
  <ss:Style ss:ID="wc19B4490000000000">
   <ss:Alignment ss:Horizontal="Center" ss:Vertical="Bottom"/>
   <ss:Font ss:FontName="Calibri" ss:Size="11" ss:Color="#000000"/>
   <ss:Interior ss:Color="#92CDDC" ss:Pattern="Solid"/>
   <ss:NumberFormat ss:Format="Standard"/>
  </ss:Style>
  <ss:Style ss:ID="wc19B44A0000000000">
   <ss:Alignment ss:Vertical="Bottom"/>
   <ss:Font ss:FontName="Calibri" ss:Size="11" ss:Color="#000000"/>
   <ss:Interior ss:Color="#BFBFBF" ss:Pattern="Solid"/>
   <ss:NumberFormat ss:Format="Standard"/>
  </ss:Style>
 </ss:Styles>
 <c:ComponentOptions>
  <c:Toolbar ss:Hidden="1">
  </c:Toolbar>
  <c:Label>
   <c:Caption>Hoja de cálculo de Microsoft Office</c:Caption>
  </c:Label>
  <c:MaxHeight>80%</c:MaxHeight>
  <c:MaxWidth>80%</c:MaxWidth>
  <c:NextSheetNumber>4</c:NextSheetNumber>
 </c:ComponentOptions>
 <x:WorkbookOptions>
  <c:OWCVersion>12.0.0.6502         </c:OWCVersion>
  <x:Height>3598</x:Height>
  <x:Width>22225</x:Width>
 </x:WorkbookOptions>
 <ss:Worksheet ss:Name="Hoja1">
  <x:WorksheetOptions>
   <x:Selected/>
   <x:DoNotDisplayColHeaders/>
   <x:DoNotDisplayRowHeaders/>
   <x:ViewableRange>R1C1:R100C13</x:ViewableRange>
   <x:Selection>R3C9</x:Selection>
   <x:FreezePanes/>
   <x:FrozenNoSplit/>
   <x:TopRowVisible>0</x:TopRowVisible>
   <x:TopRowBottomPane>2</x:TopRowBottomPane>
   <x:SplitHorizontal>2</x:SplitHorizontal>
   <x:ActivePane>2</x:ActivePane>
   <x:ProtectContents>False</x:ProtectContents>
  </x:WorksheetOptions>
  <c:WorksheetOptions>
  </c:WorksheetOptions>
  <ss:Table ss:ExpandedColumnCount="13" ss:ExpandedRowCount="100"
   ss:DefaultColumnWidth="48.0" ss:DefaultRowHeight="12.75">
   <ss:Column ss:Width="61.49999999999999" ss:AutoFitWidth="0"/>
   <ss:Column ss:Width="45.74999999999999" ss:AutoFitWidth="0"/>
   <ss:Column ss:Width="27.75" ss:AutoFitWidth="0"/>
   <ss:Row>
    <ss:Cell ss:StyleID="wc19B4430000000000"/>
    <ss:Cell ss:StyleID="wc19B4430000000000"/>
    <ss:Cell ss:StyleID="wc19B4430000000000"/>
    <ss:Cell ss:StyleID="wc19B4430000000000"/>
    <ss:Cell ss:StyleID="wc19B4430000000000"/>
    <ss:Cell ss:StyleID="wc19B4430000000000"/>
    <ss:Cell ss:StyleID="wc19B4430000000000"/>
    <ss:Cell ss:StyleID="wc19B4430000000000"/>
    <ss:Cell ss:StyleID="wc19B4430000000000"/>
    <ss:Cell ss:StyleID="wc19B4430000000000"/>
    <ss:Cell ss:StyleID="wc19B4430000000000"/>
    <ss:Cell ss:StyleID="wc19B4430000000000"/>
    <ss:Cell ss:StyleID="wc19B4430000000000"/>
   </ss:Row>
   <ss:Row>
    <ss:Cell ss:StyleID="wc19B4450000000000">
     <ss:Data ss:Type="String">Codigo</ss:Data>
    </ss:Cell>
    <ss:Cell ss:StyleID="wc19B4450000000000">
     <ss:Data ss:Type="String">Segmento</ss:Data>
    </ss:Cell>
    <ss:Cell ss:StyleID="wc19B4450000000000">
     <ss:Data ss:Type="String">Cant.</ss:Data>
    </ss:Cell>
    <ss:Cell ss:StyleID="wc19B4450000000000">
     <ss:Data ss:Type="String">Precio</ss:Data>
    </ss:Cell>
    <ss:Cell ss:StyleID="wc19B4450000000000">
     <ss:Data ss:Type="String">Subtotal</ss:Data>
    </ss:Cell>
    <ss:Cell ss:StyleID="wc19B4450000000000">
     <ss:Data ss:Type="String">Dscto</ss:Data>
    </ss:Cell>
    <ss:Cell ss:StyleID="wc19B4450000000000">
     <ss:Data ss:Type="String">TasaIVA</ss:Data>
    </ss:Cell>
    <ss:Cell ss:StyleID="wc19B4450000000000">
     <ss:Data ss:Type="String">IVA</ss:Data>
    </ss:Cell>
    <ss:Cell ss:StyleID="wc19B4450000000000">
     <ss:Data ss:Type="String">IEPS</ss:Data>
    </ss:Cell>
    <ss:Cell ss:StyleID="wc19B4450000000000">
     <ss:Data ss:Type="String">RetIVA</ss:Data>
    </ss:Cell>
    <ss:Cell ss:StyleID="wc19B4450000000000">
     <ss:Data ss:Type="String">RetISR</ss:Data>
    </ss:Cell>
    <ss:Cell ss:StyleID="wc19B4450000000000">
     <ss:Data ss:Type="String">Otros</ss:Data>
    </ss:Cell>
    <ss:Cell ss:StyleID="wc19B4460000000000">
     <ss:Data ss:Type="String">Total (▼)</ss:Data>
    </ss:Cell>
   </ss:Row>
   <ss:Row>
    <ss:Cell ss:StyleID="wc19B4430000000000"/>
    <ss:Cell ss:StyleID="wc19B4430000000000"/>
    <ss:Cell ss:StyleID="wc19B4430000000000"/>
    <ss:Cell ss:StyleID="wc19B4430000000000"/>
    <ss:Cell ss:StyleID="wc19B4430000000000"/>
    <ss:Cell ss:StyleID="wc19B4430000000000"/>
    <ss:Cell ss:StyleID="wc19B4430000000000"/>
    <ss:Cell ss:StyleID="wc19B4430000000000"/>
    <ss:Cell ss:StyleID="wc19B4430000000000"/>
    <ss:Cell ss:StyleID="wc19B4430000000000"/>
    <ss:Cell ss:StyleID="wc19B4430000000000"/>
    <ss:Cell ss:StyleID="wc19B4430000000000"/>
    <ss:Cell ss:StyleID="wc19B4430000000000"/>
   </ss:Row>
   <ss:Row>
    <ss:Cell ss:StyleID="wc19B4430000000000"/>
    <ss:Cell ss:StyleID="wc19B4430000000000"/>
    <ss:Cell ss:StyleID="wc19B4430000000000"/>
    <ss:Cell ss:StyleID="wc19B4430000000000"/>
    <ss:Cell ss:StyleID="wc19B4430000000000"/>
    <ss:Cell ss:StyleID="wc19B4430000000000"/>
    <ss:Cell ss:StyleID="wc19B4430000000000"/>
    <ss:Cell ss:StyleID="wc19B4430000000000"/>
    <ss:Cell ss:StyleID="wc19B4430000000000"/>
    <ss:Cell ss:StyleID="wc19B4430000000000"/>
    <ss:Cell ss:StyleID="wc19B4430000000000"/>
    <ss:Cell ss:StyleID="wc19B4430000000000"/>
    <ss:Cell ss:StyleID="wc19B4430000000000"/>
   </ss:Row>
   <ss:Row>
    <ss:Cell ss:StyleID="wc19B4430000000000"/>
    <ss:Cell ss:StyleID="wc19B4430000000000"/>
    <ss:Cell ss:StyleID="wc19B4430000000000"/>
    <ss:Cell ss:StyleID="wc19B4430000000000"/>
    <ss:Cell ss:StyleID="wc19B4430000000000"/>
    <ss:Cell ss:StyleID="wc19B4430000000000"/>
    <ss:Cell ss:StyleID="wc19B4430000000000"/>
    <ss:Cell ss:StyleID="wc19B4430000000000"/>
    <ss:Cell ss:StyleID="wc19B4430000000000"/>
    <ss:Cell ss:StyleID="wc19B4430000000000"/>
    <ss:Cell ss:StyleID="wc19B4430000000000"/>
    <ss:Cell ss:StyleID="wc19B4430000000000"/>
    <ss:Cell ss:StyleID="wc19B4430000000000"/>
   </ss:Row>
   <ss:Row>
    <ss:Cell ss:StyleID="wc19B4430000000000"/>
    <ss:Cell ss:StyleID="wc19B4430000000000"/>
    <ss:Cell ss:StyleID="wc19B4430000000000"/>
    <ss:Cell ss:StyleID="wc19B4430000000000"/>
    <ss:Cell ss:StyleID="wc19B4430000000000"/>
    <ss:Cell ss:StyleID="wc19B4430000000000"/>
    <ss:Cell ss:StyleID="wc19B4430000000000"/>
    <ss:Cell ss:StyleID="wc19B4430000000000"/>
    <ss:Cell ss:StyleID="wc19B4430000000000"/>
    <ss:Cell ss:StyleID="wc19B4430000000000"/>
    <ss:Cell ss:StyleID="wc19B4430000000000"/>
    <ss:Cell ss:StyleID="wc19B4430000000000"/>
    <ss:Cell ss:StyleID="wc19B4430000000000"/>
   </ss:Row>
   <ss:Row>
    <ss:Cell ss:StyleID="wc19B4430000000000"/>
    <ss:Cell ss:StyleID="wc19B4430000000000"/>
    <ss:Cell ss:StyleID="wc19B4430000000000"/>
    <ss:Cell ss:StyleID="wc19B4430000000000"/>
    <ss:Cell ss:StyleID="wc19B4430000000000"/>
    <ss:Cell ss:StyleID="wc19B4430000000000"/>
    <ss:Cell ss:StyleID="wc19B4430000000000"/>
    <ss:Cell ss:StyleID="wc19B4430000000000"/>
    <ss:Cell ss:StyleID="wc19B4430000000000"/>
    <ss:Cell ss:StyleID="wc19B4430000000000"/>
    <ss:Cell ss:StyleID="wc19B4430000000000"/>
    <ss:Cell ss:StyleID="wc19B4430000000000"/>
    <ss:Cell ss:StyleID="wc19B4430000000000"/>
   </ss:Row>
   <ss:Row>
    <ss:Cell ss:StyleID="wc19B4430000000000"/>
    <ss:Cell ss:StyleID="wc19B4430000000000"/>
    <ss:Cell ss:StyleID="wc19B4430000000000"/>
    <ss:Cell ss:StyleID="wc19B4430000000000"/>
    <ss:Cell ss:StyleID="wc19B4430000000000"/>
    <ss:Cell ss:StyleID="wc19B4430000000000"/>
    <ss:Cell ss:StyleID="wc19B4430000000000"/>
    <ss:Cell ss:StyleID="wc19B4430000000000"/>
    <ss:Cell ss:StyleID="wc19B4430000000000"/>
    <ss:Cell ss:StyleID="wc19B4430000000000"/>
    <ss:Cell ss:StyleID="wc19B4430000000000"/>
    <ss:Cell ss:StyleID="wc19B4430000000000"/>
    <ss:Cell ss:StyleID="wc19B4430000000000"/>
   </ss:Row>
   <ss:Row>
    <ss:Cell ss:StyleID="wc19B4430000000000"/>
    <ss:Cell ss:StyleID="wc19B4430000000000"/>
    <ss:Cell ss:StyleID="wc19B4430000000000"/>
    <ss:Cell ss:StyleID="wc19B4430000000000"/>
    <ss:Cell ss:StyleID="wc19B4430000000000"/>
    <ss:Cell ss:StyleID="wc19B4430000000000"/>
    <ss:Cell ss:StyleID="wc19B4430000000000"/>
    <ss:Cell ss:StyleID="wc19B4430000000000"/>
    <ss:Cell ss:StyleID="wc19B4430000000000"/>
    <ss:Cell ss:StyleID="wc19B4430000000000"/>
    <ss:Cell ss:StyleID="wc19B4430000000000"/>
    <ss:Cell ss:StyleID="wc19B4430000000000"/>
    <ss:Cell ss:StyleID="wc19B4430000000000"/>
   </ss:Row>
   <ss:Row>
    <ss:Cell ss:StyleID="wc19B4430000000000"/>
    <ss:Cell ss:StyleID="wc19B4430000000000"/>
    <ss:Cell ss:StyleID="wc19B4430000000000"/>
    <ss:Cell ss:StyleID="wc19B4430000000000"/>
    <ss:Cell ss:StyleID="wc19B4430000000000"/>
    <ss:Cell ss:StyleID="wc19B4430000000000"/>
    <ss:Cell ss:StyleID="wc19B4430000000000"/>
    <ss:Cell ss:StyleID="wc19B4430000000000"/>
    <ss:Cell ss:StyleID="wc19B4430000000000"/>
    <ss:Cell ss:StyleID="wc19B4430000000000"/>
    <ss:Cell ss:StyleID="wc19B4430000000000"/>
    <ss:Cell ss:StyleID="wc19B4430000000000"/>
    <ss:Cell ss:StyleID="wc19B4430000000000"/>
   </ss:Row>
   <ss:Row>
    <ss:Cell ss:StyleID="wc19B4430000000000"/>
    <ss:Cell ss:StyleID="wc19B4430000000000"/>
    <ss:Cell ss:StyleID="wc19B4430000000000"/>
    <ss:Cell ss:StyleID="wc19B4430000000000"/>
    <ss:Cell ss:StyleID="wc19B4430000000000"/>
    <ss:Cell ss:StyleID="wc19B4430000000000"/>
    <ss:Cell ss:StyleID="wc19B4430000000000"/>
    <ss:Cell ss:StyleID="wc19B4430000000000"/>
    <ss:Cell ss:StyleID="wc19B4430000000000"/>
    <ss:Cell ss:StyleID="wc19B4430000000000"/>
    <ss:Cell ss:StyleID="wc19B4430000000000"/>
    <ss:Cell ss:StyleID="wc19B4430000000000"/>
    <ss:Cell ss:StyleID="wc19B4430000000000"/>
   </ss:Row>
   <ss:Row>
    <ss:Cell ss:StyleID="wc19B4430000000000"/>
    <ss:Cell ss:StyleID="wc19B4430000000000"/>
    <ss:Cell ss:StyleID="wc19B4430000000000"/>
    <ss:Cell ss:StyleID="wc19B4430000000000"/>
    <ss:Cell ss:StyleID="wc19B4430000000000"/>
    <ss:Cell ss:StyleID="wc19B4430000000000"/>
    <ss:Cell ss:StyleID="wc19B4430000000000"/>
    <ss:Cell ss:StyleID="wc19B4430000000000"/>
    <ss:Cell ss:StyleID="wc19B4430000000000"/>
    <ss:Cell ss:StyleID="wc19B4430000000000"/>
    <ss:Cell ss:StyleID="wc19B4430000000000"/>
    <ss:Cell ss:StyleID="wc19B4430000000000"/>
    <ss:Cell ss:StyleID="wc19B4430000000000"/>
   </ss:Row>
   <ss:Row>
    <ss:Cell ss:StyleID="wc19B4430000000000"/>
    <ss:Cell ss:StyleID="wc19B4430000000000"/>
    <ss:Cell ss:StyleID="wc19B4430000000000"/>
    <ss:Cell ss:StyleID="wc19B4430000000000"/>
    <ss:Cell ss:StyleID="wc19B4430000000000"/>
    <ss:Cell ss:StyleID="wc19B4430000000000"/>
    <ss:Cell ss:StyleID="wc19B4430000000000"/>
    <ss:Cell ss:StyleID="wc19B4430000000000"/>
    <ss:Cell ss:StyleID="wc19B4430000000000"/>
    <ss:Cell ss:StyleID="wc19B4430000000000"/>
    <ss:Cell ss:StyleID="wc19B4430000000000"/>
    <ss:Cell ss:StyleID="wc19B4430000000000"/>
    <ss:Cell ss:StyleID="wc19B4430000000000"/>
   </ss:Row>
   <ss:Row>
    <ss:Cell ss:StyleID="wc19B4430000000000"/>
    <ss:Cell ss:StyleID="wc19B4430000000000"/>
    <ss:Cell ss:StyleID="wc19B4430000000000"/>
    <ss:Cell ss:StyleID="wc19B4430000000000"/>
    <ss:Cell ss:StyleID="wc19B4430000000000"/>
    <ss:Cell ss:StyleID="wc19B4430000000000"/>
    <ss:Cell ss:StyleID="wc19B4430000000000"/>
    <ss:Cell ss:StyleID="wc19B4430000000000"/>
    <ss:Cell ss:StyleID="wc19B4430000000000"/>
    <ss:Cell ss:StyleID="wc19B4430000000000"/>
    <ss:Cell ss:StyleID="wc19B4430000000000"/>
    <ss:Cell ss:StyleID="wc19B4430000000000"/>
    <ss:Cell ss:StyleID="wc19B4430000000000"/>
   </ss:Row>
   <ss:Row>
    <ss:Cell ss:StyleID="wc19B4430000000000"/>
    <ss:Cell ss:StyleID="wc19B4430000000000"/>
    <ss:Cell ss:StyleID="wc19B4430000000000"/>
    <ss:Cell ss:StyleID="wc19B4430000000000"/>
    <ss:Cell ss:StyleID="wc19B4430000000000"/>
    <ss:Cell ss:StyleID="wc19B4430000000000"/>
    <ss:Cell ss:StyleID="wc19B4430000000000"/>
    <ss:Cell ss:StyleID="wc19B4430000000000"/>
    <ss:Cell ss:StyleID="wc19B4430000000000"/>
    <ss:Cell ss:StyleID="wc19B4430000000000"/>
    <ss:Cell ss:StyleID="wc19B4430000000000"/>
    <ss:Cell ss:StyleID="wc19B4430000000000"/>
    <ss:Cell ss:StyleID="wc19B4430000000000"/>
   </ss:Row>
   <ss:Row>
    <ss:Cell ss:StyleID="wc19B4430000000000"/>
    <ss:Cell ss:StyleID="wc19B4430000000000"/>
    <ss:Cell ss:StyleID="wc19B4430000000000"/>
    <ss:Cell ss:StyleID="wc19B4430000000000"/>
    <ss:Cell ss:StyleID="wc19B4430000000000"/>
    <ss:Cell ss:StyleID="wc19B4430000000000"/>
    <ss:Cell ss:StyleID="wc19B4430000000000"/>
    <ss:Cell ss:StyleID="wc19B4430000000000"/>
    <ss:Cell ss:StyleID="wc19B4430000000000"/>
    <ss:Cell ss:StyleID="wc19B4430000000000"/>
    <ss:Cell ss:StyleID="wc19B4430000000000"/>
    <ss:Cell ss:StyleID="wc19B4430000000000"/>
    <ss:Cell ss:StyleID="wc19B4430000000000"/>
   </ss:Row>
   <ss:Row>
    <ss:Cell ss:StyleID="wc19B4430000000000"/>
    <ss:Cell ss:StyleID="wc19B4430000000000"/>
    <ss:Cell ss:StyleID="wc19B4430000000000"/>
    <ss:Cell ss:StyleID="wc19B4430000000000"/>
    <ss:Cell ss:StyleID="wc19B4430000000000"/>
    <ss:Cell ss:StyleID="wc19B4430000000000"/>
    <ss:Cell ss:StyleID="wc19B4430000000000"/>
    <ss:Cell ss:StyleID="wc19B4430000000000"/>
    <ss:Cell ss:StyleID="wc19B4430000000000"/>
    <ss:Cell ss:StyleID="wc19B4430000000000"/>
    <ss:Cell ss:StyleID="wc19B4430000000000"/>
    <ss:Cell ss:StyleID="wc19B4430000000000"/>
    <ss:Cell ss:StyleID="wc19B4430000000000"/>
   </ss:Row>
   <ss:Row>
    <ss:Cell ss:StyleID="wc19B4430000000000"/>
    <ss:Cell ss:StyleID="wc19B4430000000000"/>
    <ss:Cell ss:StyleID="wc19B4430000000000"/>
    <ss:Cell ss:StyleID="wc19B4430000000000"/>
    <ss:Cell ss:StyleID="wc19B4430000000000"/>
    <ss:Cell ss:StyleID="wc19B4430000000000"/>
    <ss:Cell ss:StyleID="wc19B4430000000000"/>
    <ss:Cell ss:StyleID="wc19B4430000000000"/>
    <ss:Cell ss:StyleID="wc19B4430000000000"/>
    <ss:Cell ss:StyleID="wc19B4430000000000"/>
    <ss:Cell ss:StyleID="wc19B4430000000000"/>
    <ss:Cell ss:StyleID="wc19B4430000000000"/>
    <ss:Cell ss:StyleID="wc19B4430000000000"/>
   </ss:Row>
   <ss:Row>
    <ss:Cell ss:StyleID="wc19B4430000000000"/>
    <ss:Cell ss:StyleID="wc19B4430000000000"/>
    <ss:Cell ss:StyleID="wc19B4430000000000"/>
    <ss:Cell ss:StyleID="wc19B4430000000000"/>
    <ss:Cell ss:StyleID="wc19B4430000000000"/>
    <ss:Cell ss:StyleID="wc19B4430000000000"/>
    <ss:Cell ss:StyleID="wc19B4430000000000"/>
    <ss:Cell ss:StyleID="wc19B4430000000000"/>
    <ss:Cell ss:StyleID="wc19B4430000000000"/>
    <ss:Cell ss:StyleID="wc19B4430000000000"/>
    <ss:Cell ss:StyleID="wc19B4430000000000"/>
    <ss:Cell ss:StyleID="wc19B4430000000000"/>
    <ss:Cell ss:StyleID="wc19B4430000000000"/>
   </ss:Row>
   <ss:Row>
    <ss:Cell ss:StyleID="wc19B4430000000000"/>
    <ss:Cell ss:StyleID="wc19B4430000000000"/>
    <ss:Cell ss:StyleID="wc19B4430000000000"/>
    <ss:Cell ss:StyleID="wc19B4430000000000"/>
    <ss:Cell ss:StyleID="wc19B4430000000000"/>
    <ss:Cell ss:StyleID="wc19B4430000000000"/>
    <ss:Cell ss:StyleID="wc19B4430000000000"/>
    <ss:Cell ss:StyleID="wc19B4430000000000"/>
    <ss:Cell ss:StyleID="wc19B4430000000000"/>
    <ss:Cell ss:StyleID="wc19B4430000000000"/>
    <ss:Cell ss:StyleID="wc19B4430000000000"/>
    <ss:Cell ss:StyleID="wc19B4430000000000"/>
    <ss:Cell ss:StyleID="wc19B4430000000000"/>
   </ss:Row>
   <ss:Row>
    <ss:Cell ss:StyleID="wc19B4430000000000"/>
    <ss:Cell ss:StyleID="wc19B4430000000000"/>
    <ss:Cell ss:StyleID="wc19B4430000000000"/>
    <ss:Cell ss:StyleID="wc19B4430000000000"/>
    <ss:Cell ss:StyleID="wc19B4430000000000"/>
    <ss:Cell ss:StyleID="wc19B4430000000000"/>
    <ss:Cell ss:StyleID="wc19B4430000000000"/>
    <ss:Cell ss:StyleID="wc19B4430000000000"/>
    <ss:Cell ss:StyleID="wc19B4430000000000"/>
    <ss:Cell ss:StyleID="wc19B4430000000000"/>
    <ss:Cell ss:StyleID="wc19B4430000000000"/>
    <ss:Cell ss:StyleID="wc19B4430000000000"/>
    <ss:Cell ss:StyleID="wc19B4430000000000"/>
   </ss:Row>
   <ss:Row>
    <ss:Cell ss:StyleID="wc19B4430000000000"/>
    <ss:Cell ss:StyleID="wc19B4430000000000"/>
    <ss:Cell ss:StyleID="wc19B4430000000000"/>
    <ss:Cell ss:StyleID="wc19B4430000000000"/>
    <ss:Cell ss:StyleID="wc19B4430000000000"/>
    <ss:Cell ss:StyleID="wc19B4430000000000"/>
    <ss:Cell ss:StyleID="wc19B4430000000000"/>
    <ss:Cell ss:StyleID="wc19B4430000000000"/>
    <ss:Cell ss:StyleID="wc19B4430000000000"/>
    <ss:Cell ss:StyleID="wc19B4430000000000"/>
    <ss:Cell ss:StyleID="wc19B4430000000000"/>
    <ss:Cell ss:StyleID="wc19B4430000000000"/>
    <ss:Cell ss:StyleID="wc19B4430000000000"/>
   </ss:Row>
   <ss:Row>
    <ss:Cell ss:StyleID="wc19B4430000000000"/>
    <ss:Cell ss:StyleID="wc19B4430000000000"/>
    <ss:Cell ss:StyleID="wc19B4430000000000"/>
    <ss:Cell ss:StyleID="wc19B4430000000000"/>
    <ss:Cell ss:StyleID="wc19B4430000000000"/>
    <ss:Cell ss:StyleID="wc19B4430000000000"/>
    <ss:Cell ss:StyleID="wc19B4430000000000"/>
    <ss:Cell ss:StyleID="wc19B4430000000000"/>
    <ss:Cell ss:StyleID="wc19B4430000000000"/>
    <ss:Cell ss:StyleID="wc19B4430000000000"/>
    <ss:Cell ss:StyleID="wc19B4430000000000"/>
    <ss:Cell ss:StyleID="wc19B4430000000000"/>
    <ss:Cell ss:StyleID="wc19B4430000000000"/>
   </ss:Row>
   <ss:Row>
    <ss:Cell ss:StyleID="wc19B4430000000000"/>
    <ss:Cell ss:StyleID="wc19B4430000000000"/>
    <ss:Cell ss:StyleID="wc19B4430000000000"/>
    <ss:Cell ss:StyleID="wc19B4430000000000"/>
    <ss:Cell ss:StyleID="wc19B4430000000000"/>
    <ss:Cell ss:StyleID="wc19B4430000000000"/>
    <ss:Cell ss:StyleID="wc19B4430000000000"/>
    <ss:Cell ss:StyleID="wc19B4430000000000"/>
    <ss:Cell ss:StyleID="wc19B4430000000000"/>
    <ss:Cell ss:StyleID="wc19B4430000000000"/>
    <ss:Cell ss:StyleID="wc19B4430000000000"/>
    <ss:Cell ss:StyleID="wc19B4430000000000"/>
    <ss:Cell ss:StyleID="wc19B4430000000000"/>
   </ss:Row>
   <ss:Row>
    <ss:Cell ss:StyleID="wc19B4430000000000"/>
    <ss:Cell ss:StyleID="wc19B4430000000000"/>
    <ss:Cell ss:StyleID="wc19B4430000000000"/>
    <ss:Cell ss:StyleID="wc19B4430000000000"/>
    <ss:Cell ss:StyleID="wc19B4430000000000"/>
    <ss:Cell ss:StyleID="wc19B4430000000000"/>
    <ss:Cell ss:StyleID="wc19B4430000000000"/>
    <ss:Cell ss:StyleID="wc19B4430000000000"/>
    <ss:Cell ss:StyleID="wc19B4430000000000"/>
    <ss:Cell ss:StyleID="wc19B4430000000000"/>
    <ss:Cell ss:StyleID="wc19B4430000000000"/>
    <ss:Cell ss:StyleID="wc19B4430000000000"/>
    <ss:Cell ss:StyleID="wc19B4430000000000"/>
   </ss:Row>
   <ss:Row>
    <ss:Cell ss:StyleID="wc19B4430000000000"/>
    <ss:Cell ss:StyleID="wc19B4430000000000"/>
    <ss:Cell ss:StyleID="wc19B4430000000000"/>
    <ss:Cell ss:StyleID="wc19B4430000000000"/>
    <ss:Cell ss:StyleID="wc19B4430000000000"/>
    <ss:Cell ss:StyleID="wc19B4430000000000"/>
    <ss:Cell ss:StyleID="wc19B4430000000000"/>
    <ss:Cell ss:StyleID="wc19B4430000000000"/>
    <ss:Cell ss:StyleID="wc19B4430000000000"/>
    <ss:Cell ss:StyleID="wc19B4430000000000"/>
    <ss:Cell ss:StyleID="wc19B4430000000000"/>
    <ss:Cell ss:StyleID="wc19B4430000000000"/>
    <ss:Cell ss:StyleID="wc19B4430000000000"/>
   </ss:Row>
   <ss:Row>
    <ss:Cell ss:StyleID="wc19B4430000000000"/>
    <ss:Cell ss:StyleID="wc19B4430000000000"/>
    <ss:Cell ss:StyleID="wc19B4430000000000"/>
    <ss:Cell ss:StyleID="wc19B4430000000000"/>
    <ss:Cell ss:StyleID="wc19B4430000000000"/>
    <ss:Cell ss:StyleID="wc19B4430000000000"/>
    <ss:Cell ss:StyleID="wc19B4430000000000"/>
    <ss:Cell ss:StyleID="wc19B4430000000000"/>
    <ss:Cell ss:StyleID="wc19B4430000000000"/>
    <ss:Cell ss:StyleID="wc19B4430000000000"/>
    <ss:Cell ss:StyleID="wc19B4430000000000"/>
    <ss:Cell ss:StyleID="wc19B4430000000000"/>
    <ss:Cell ss:StyleID="wc19B4430000000000"/>
   </ss:Row>
   <ss:Row>
    <ss:Cell ss:StyleID="wc19B4430000000000"/>
    <ss:Cell ss:StyleID="wc19B4430000000000"/>
    <ss:Cell ss:StyleID="wc19B4430000000000"/>
    <ss:Cell ss:StyleID="wc19B4430000000000"/>
    <ss:Cell ss:StyleID="wc19B4430000000000"/>
    <ss:Cell ss:StyleID="wc19B4430000000000"/>
    <ss:Cell ss:StyleID="wc19B4430000000000"/>
    <ss:Cell ss:StyleID="wc19B4430000000000"/>
    <ss:Cell ss:StyleID="wc19B4430000000000"/>
    <ss:Cell ss:StyleID="wc19B4430000000000"/>
    <ss:Cell ss:StyleID="wc19B4430000000000"/>
    <ss:Cell ss:StyleID="wc19B4430000000000"/>
    <ss:Cell ss:StyleID="wc19B4430000000000"/>
   </ss:Row>
   <ss:Row>
    <ss:Cell ss:StyleID="wc19B4430000000000"/>
    <ss:Cell ss:StyleID="wc19B4430000000000"/>
    <ss:Cell ss:StyleID="wc19B4430000000000"/>
    <ss:Cell ss:StyleID="wc19B4430000000000"/>
    <ss:Cell ss:StyleID="wc19B4430000000000"/>
    <ss:Cell ss:StyleID="wc19B4430000000000"/>
    <ss:Cell ss:StyleID="wc19B4430000000000"/>
    <ss:Cell ss:StyleID="wc19B4430000000000"/>
    <ss:Cell ss:StyleID="wc19B4430000000000"/>
    <ss:Cell ss:StyleID="wc19B4430000000000"/>
    <ss:Cell ss:StyleID="wc19B4430000000000"/>
    <ss:Cell ss:StyleID="wc19B4430000000000"/>
    <ss:Cell ss:StyleID="wc19B4430000000000"/>
   </ss:Row>
   <ss:Row>
    <ss:Cell ss:StyleID="wc19B4430000000000"/>
    <ss:Cell ss:StyleID="wc19B4430000000000"/>
    <ss:Cell ss:StyleID="wc19B4430000000000"/>
    <ss:Cell ss:StyleID="wc19B4430000000000"/>
    <ss:Cell ss:StyleID="wc19B4430000000000"/>
    <ss:Cell ss:StyleID="wc19B4430000000000"/>
    <ss:Cell ss:StyleID="wc19B4430000000000"/>
    <ss:Cell ss:StyleID="wc19B4430000000000"/>
    <ss:Cell ss:StyleID="wc19B4430000000000"/>
    <ss:Cell ss:StyleID="wc19B4430000000000"/>
    <ss:Cell ss:StyleID="wc19B4430000000000"/>
    <ss:Cell ss:StyleID="wc19B4430000000000"/>
    <ss:Cell ss:StyleID="wc19B4430000000000"/>
   </ss:Row>
   <ss:Row>
    <ss:Cell ss:StyleID="wc19B4430000000000"/>
    <ss:Cell ss:StyleID="wc19B4430000000000"/>
    <ss:Cell ss:StyleID="wc19B4430000000000"/>
    <ss:Cell ss:StyleID="wc19B4430000000000"/>
    <ss:Cell ss:StyleID="wc19B4430000000000"/>
    <ss:Cell ss:StyleID="wc19B4430000000000"/>
    <ss:Cell ss:StyleID="wc19B4430000000000"/>
    <ss:Cell ss:StyleID="wc19B4430000000000"/>
    <ss:Cell ss:StyleID="wc19B4430000000000"/>
    <ss:Cell ss:StyleID="wc19B4430000000000"/>
    <ss:Cell ss:StyleID="wc19B4430000000000"/>
    <ss:Cell ss:StyleID="wc19B4430000000000"/>
    <ss:Cell ss:StyleID="wc19B4430000000000"/>
   </ss:Row>
   <ss:Row>
    <ss:Cell ss:StyleID="wc19B4430000000000"/>
    <ss:Cell ss:StyleID="wc19B4430000000000"/>
    <ss:Cell ss:StyleID="wc19B4430000000000"/>
    <ss:Cell ss:StyleID="wc19B4430000000000"/>
    <ss:Cell ss:StyleID="wc19B4430000000000"/>
    <ss:Cell ss:StyleID="wc19B4430000000000"/>
    <ss:Cell ss:StyleID="wc19B4430000000000"/>
    <ss:Cell ss:StyleID="wc19B4430000000000"/>
    <ss:Cell ss:StyleID="wc19B4430000000000"/>
    <ss:Cell ss:StyleID="wc19B4430000000000"/>
    <ss:Cell ss:StyleID="wc19B4430000000000"/>
    <ss:Cell ss:StyleID="wc19B4430000000000"/>
    <ss:Cell ss:StyleID="wc19B4430000000000"/>
   </ss:Row>
   <ss:Row>
    <ss:Cell ss:StyleID="wc19B4430000000000"/>
    <ss:Cell ss:StyleID="wc19B4430000000000"/>
    <ss:Cell ss:StyleID="wc19B4430000000000"/>
    <ss:Cell ss:StyleID="wc19B4430000000000"/>
    <ss:Cell ss:StyleID="wc19B4430000000000"/>
    <ss:Cell ss:StyleID="wc19B4430000000000"/>
    <ss:Cell ss:StyleID="wc19B4430000000000"/>
    <ss:Cell ss:StyleID="wc19B4430000000000"/>
    <ss:Cell ss:StyleID="wc19B4430000000000"/>
    <ss:Cell ss:StyleID="wc19B4430000000000"/>
    <ss:Cell ss:StyleID="wc19B4430000000000"/>
    <ss:Cell ss:StyleID="wc19B4430000000000"/>
    <ss:Cell ss:StyleID="wc19B4430000000000"/>
   </ss:Row>
   <ss:Row>
    <ss:Cell ss:StyleID="wc19B4430000000000"/>
    <ss:Cell ss:StyleID="wc19B4430000000000"/>
    <ss:Cell ss:StyleID="wc19B4430000000000"/>
    <ss:Cell ss:StyleID="wc19B4430000000000"/>
    <ss:Cell ss:StyleID="wc19B4430000000000"/>
    <ss:Cell ss:StyleID="wc19B4430000000000"/>
    <ss:Cell ss:StyleID="wc19B4430000000000"/>
    <ss:Cell ss:StyleID="wc19B4430000000000"/>
    <ss:Cell ss:StyleID="wc19B4430000000000"/>
    <ss:Cell ss:StyleID="wc19B4430000000000"/>
    <ss:Cell ss:StyleID="wc19B4430000000000"/>
    <ss:Cell ss:StyleID="wc19B4430000000000"/>
    <ss:Cell ss:StyleID="wc19B4430000000000"/>
   </ss:Row>
   <ss:Row>
    <ss:Cell ss:StyleID="wc19B4430000000000"/>
    <ss:Cell ss:StyleID="wc19B4430000000000"/>
    <ss:Cell ss:StyleID="wc19B4430000000000"/>
    <ss:Cell ss:StyleID="wc19B4430000000000"/>
    <ss:Cell ss:StyleID="wc19B4430000000000"/>
    <ss:Cell ss:StyleID="wc19B4430000000000"/>
    <ss:Cell ss:StyleID="wc19B4430000000000"/>
    <ss:Cell ss:StyleID="wc19B4430000000000"/>
    <ss:Cell ss:StyleID="wc19B4430000000000"/>
    <ss:Cell ss:StyleID="wc19B4430000000000"/>
    <ss:Cell ss:StyleID="wc19B4430000000000"/>
    <ss:Cell ss:StyleID="wc19B4430000000000"/>
    <ss:Cell ss:StyleID="wc19B4430000000000"/>
   </ss:Row>
   <ss:Row>
    <ss:Cell ss:StyleID="wc19B4430000000000"/>
    <ss:Cell ss:StyleID="wc19B4430000000000"/>
    <ss:Cell ss:StyleID="wc19B4430000000000"/>
    <ss:Cell ss:StyleID="wc19B4430000000000"/>
    <ss:Cell ss:StyleID="wc19B4430000000000"/>
    <ss:Cell ss:StyleID="wc19B4430000000000"/>
    <ss:Cell ss:StyleID="wc19B4430000000000"/>
    <ss:Cell ss:StyleID="wc19B4430000000000"/>
    <ss:Cell ss:StyleID="wc19B4430000000000"/>
    <ss:Cell ss:StyleID="wc19B4430000000000"/>
    <ss:Cell ss:StyleID="wc19B4430000000000"/>
    <ss:Cell ss:StyleID="wc19B4430000000000"/>
    <ss:Cell ss:StyleID="wc19B4430000000000"/>
   </ss:Row>
   <ss:Row>
    <ss:Cell ss:StyleID="wc19B4430000000000"/>
    <ss:Cell ss:StyleID="wc19B4430000000000"/>
    <ss:Cell ss:StyleID="wc19B4430000000000"/>
    <ss:Cell ss:StyleID="wc19B4430000000000"/>
    <ss:Cell ss:StyleID="wc19B4430000000000"/>
    <ss:Cell ss:StyleID="wc19B4430000000000"/>
    <ss:Cell ss:StyleID="wc19B4430000000000"/>
    <ss:Cell ss:StyleID="wc19B4430000000000"/>
    <ss:Cell ss:StyleID="wc19B4430000000000"/>
    <ss:Cell ss:StyleID="wc19B4430000000000"/>
    <ss:Cell ss:StyleID="wc19B4430000000000"/>
    <ss:Cell ss:StyleID="wc19B4430000000000"/>
    <ss:Cell ss:StyleID="wc19B4430000000000"/>
   </ss:Row>
   <ss:Row>
    <ss:Cell ss:StyleID="wc19B4430000000000"/>
    <ss:Cell ss:StyleID="wc19B4430000000000"/>
    <ss:Cell ss:StyleID="wc19B4430000000000"/>
    <ss:Cell ss:StyleID="wc19B4430000000000"/>
    <ss:Cell ss:StyleID="wc19B4430000000000"/>
    <ss:Cell ss:StyleID="wc19B4430000000000"/>
    <ss:Cell ss:StyleID="wc19B4430000000000"/>
    <ss:Cell ss:StyleID="wc19B4430000000000"/>
    <ss:Cell ss:StyleID="wc19B4430000000000"/>
    <ss:Cell ss:StyleID="wc19B4430000000000"/>
    <ss:Cell ss:StyleID="wc19B4430000000000"/>
    <ss:Cell ss:StyleID="wc19B4430000000000"/>
    <ss:Cell ss:StyleID="wc19B4430000000000"/>
   </ss:Row>
   <ss:Row>
    <ss:Cell ss:StyleID="wc19B4430000000000"/>
    <ss:Cell ss:StyleID="wc19B4430000000000"/>
    <ss:Cell ss:StyleID="wc19B4430000000000"/>
    <ss:Cell ss:StyleID="wc19B4430000000000"/>
    <ss:Cell ss:StyleID="wc19B4430000000000"/>
    <ss:Cell ss:StyleID="wc19B4430000000000"/>
    <ss:Cell ss:StyleID="wc19B4430000000000"/>
    <ss:Cell ss:StyleID="wc19B4430000000000"/>
    <ss:Cell ss:StyleID="wc19B4430000000000"/>
    <ss:Cell ss:StyleID="wc19B4430000000000"/>
    <ss:Cell ss:StyleID="wc19B4430000000000"/>
    <ss:Cell ss:StyleID="wc19B4430000000000"/>
    <ss:Cell ss:StyleID="wc19B4430000000000"/>
   </ss:Row>
   <ss:Row>
    <ss:Cell ss:StyleID="wc19B4430000000000"/>
    <ss:Cell ss:StyleID="wc19B4430000000000"/>
    <ss:Cell ss:StyleID="wc19B4430000000000"/>
    <ss:Cell ss:StyleID="wc19B4430000000000"/>
    <ss:Cell ss:StyleID="wc19B4430000000000"/>
    <ss:Cell ss:StyleID="wc19B4430000000000"/>
    <ss:Cell ss:StyleID="wc19B4430000000000"/>
    <ss:Cell ss:StyleID="wc19B4430000000000"/>
    <ss:Cell ss:StyleID="wc19B4430000000000"/>
    <ss:Cell ss:StyleID="wc19B4430000000000"/>
    <ss:Cell ss:StyleID="wc19B4430000000000"/>
    <ss:Cell ss:StyleID="wc19B4430000000000"/>
    <ss:Cell ss:StyleID="wc19B4430000000000"/>
   </ss:Row>
   <ss:Row>
    <ss:Cell ss:StyleID="wc19B4430000000000"/>
    <ss:Cell ss:StyleID="wc19B4430000000000"/>
    <ss:Cell ss:StyleID="wc19B4430000000000"/>
    <ss:Cell ss:StyleID="wc19B4430000000000"/>
    <ss:Cell ss:StyleID="wc19B4430000000000"/>
    <ss:Cell ss:StyleID="wc19B4430000000000"/>
    <ss:Cell ss:StyleID="wc19B4430000000000"/>
    <ss:Cell ss:StyleID="wc19B4430000000000"/>
    <ss:Cell ss:StyleID="wc19B4430000000000"/>
    <ss:Cell ss:StyleID="wc19B4430000000000"/>
    <ss:Cell ss:StyleID="wc19B4430000000000"/>
    <ss:Cell ss:StyleID="wc19B4430000000000"/>
    <ss:Cell ss:StyleID="wc19B4430000000000"/>
   </ss:Row>
   <ss:Row>
    <ss:Cell ss:StyleID="wc19B4430000000000"/>
    <ss:Cell ss:StyleID="wc19B4430000000000"/>
    <ss:Cell ss:StyleID="wc19B4430000000000"/>
    <ss:Cell ss:StyleID="wc19B4430000000000"/>
    <ss:Cell ss:StyleID="wc19B4430000000000"/>
    <ss:Cell ss:StyleID="wc19B4430000000000"/>
    <ss:Cell ss:StyleID="wc19B4430000000000"/>
    <ss:Cell ss:StyleID="wc19B4430000000000"/>
    <ss:Cell ss:StyleID="wc19B4430000000000"/>
    <ss:Cell ss:StyleID="wc19B4430000000000"/>
    <ss:Cell ss:StyleID="wc19B4430000000000"/>
    <ss:Cell ss:StyleID="wc19B4430000000000"/>
    <ss:Cell ss:StyleID="wc19B4430000000000"/>
   </ss:Row>
   <ss:Row>
    <ss:Cell ss:StyleID="wc19B4430000000000"/>
    <ss:Cell ss:StyleID="wc19B4430000000000"/>
    <ss:Cell ss:StyleID="wc19B4430000000000"/>
    <ss:Cell ss:StyleID="wc19B4430000000000"/>
    <ss:Cell ss:StyleID="wc19B4430000000000"/>
    <ss:Cell ss:StyleID="wc19B4430000000000"/>
    <ss:Cell ss:StyleID="wc19B4430000000000"/>
    <ss:Cell ss:StyleID="wc19B4430000000000"/>
    <ss:Cell ss:StyleID="wc19B4430000000000"/>
    <ss:Cell ss:StyleID="wc19B4430000000000"/>
    <ss:Cell ss:StyleID="wc19B4430000000000"/>
    <ss:Cell ss:StyleID="wc19B4430000000000"/>
    <ss:Cell ss:StyleID="wc19B4430000000000"/>
   </ss:Row>
   <ss:Row>
    <ss:Cell ss:StyleID="wc19B4430000000000"/>
    <ss:Cell ss:StyleID="wc19B4430000000000"/>
    <ss:Cell ss:StyleID="wc19B4430000000000"/>
    <ss:Cell ss:StyleID="wc19B4430000000000"/>
    <ss:Cell ss:StyleID="wc19B4430000000000"/>
    <ss:Cell ss:StyleID="wc19B4430000000000"/>
    <ss:Cell ss:StyleID="wc19B4430000000000"/>
    <ss:Cell ss:StyleID="wc19B4430000000000"/>
    <ss:Cell ss:StyleID="wc19B4430000000000"/>
    <ss:Cell ss:StyleID="wc19B4430000000000"/>
    <ss:Cell ss:StyleID="wc19B4430000000000"/>
    <ss:Cell ss:StyleID="wc19B4430000000000"/>
    <ss:Cell ss:StyleID="wc19B4430000000000"/>
   </ss:Row>
   <ss:Row>
    <ss:Cell ss:StyleID="wc19B4430000000000"/>
    <ss:Cell ss:StyleID="wc19B4430000000000"/>
    <ss:Cell ss:StyleID="wc19B4430000000000"/>
    <ss:Cell ss:StyleID="wc19B4430000000000"/>
    <ss:Cell ss:StyleID="wc19B4430000000000"/>
    <ss:Cell ss:StyleID="wc19B4430000000000"/>
    <ss:Cell ss:StyleID="wc19B4430000000000"/>
    <ss:Cell ss:StyleID="wc19B4430000000000"/>
    <ss:Cell ss:StyleID="wc19B4430000000000"/>
    <ss:Cell ss:StyleID="wc19B4430000000000"/>
    <ss:Cell ss:StyleID="wc19B4430000000000"/>
    <ss:Cell ss:StyleID="wc19B4430000000000"/>
    <ss:Cell ss:StyleID="wc19B4430000000000"/>
   </ss:Row>
   <ss:Row>
    <ss:Cell ss:StyleID="wc19B4430000000000"/>
    <ss:Cell ss:StyleID="wc19B4430000000000"/>
    <ss:Cell ss:StyleID="wc19B4430000000000"/>
    <ss:Cell ss:StyleID="wc19B4430000000000"/>
    <ss:Cell ss:StyleID="wc19B4430000000000"/>
    <ss:Cell ss:StyleID="wc19B4430000000000"/>
    <ss:Cell ss:StyleID="wc19B4430000000000"/>
    <ss:Cell ss:StyleID="wc19B4430000000000"/>
    <ss:Cell ss:StyleID="wc19B4430000000000"/>
    <ss:Cell ss:StyleID="wc19B4430000000000"/>
    <ss:Cell ss:StyleID="wc19B4430000000000"/>
    <ss:Cell ss:StyleID="wc19B4430000000000"/>
    <ss:Cell ss:StyleID="wc19B4430000000000"/>
   </ss:Row>
   <ss:Row>
    <ss:Cell ss:StyleID="wc19B4430000000000"/>
    <ss:Cell ss:StyleID="wc19B4430000000000"/>
    <ss:Cell ss:StyleID="wc19B4430000000000"/>
    <ss:Cell ss:StyleID="wc19B4430000000000"/>
    <ss:Cell ss:StyleID="wc19B4430000000000"/>
    <ss:Cell ss:StyleID="wc19B4430000000000"/>
    <ss:Cell ss:StyleID="wc19B4430000000000"/>
    <ss:Cell ss:StyleID="wc19B4430000000000"/>
    <ss:Cell ss:StyleID="wc19B4430000000000"/>
    <ss:Cell ss:StyleID="wc19B4430000000000"/>
    <ss:Cell ss:StyleID="wc19B4430000000000"/>
    <ss:Cell ss:StyleID="wc19B4430000000000"/>
    <ss:Cell ss:StyleID="wc19B4430000000000"/>
   </ss:Row>
   <ss:Row>
    <ss:Cell ss:StyleID="wc19B4430000000000"/>
    <ss:Cell ss:StyleID="wc19B4430000000000"/>
    <ss:Cell ss:StyleID="wc19B4430000000000"/>
    <ss:Cell ss:StyleID="wc19B4430000000000"/>
    <ss:Cell ss:StyleID="wc19B4430000000000"/>
    <ss:Cell ss:StyleID="wc19B4430000000000"/>
    <ss:Cell ss:StyleID="wc19B4430000000000"/>
    <ss:Cell ss:StyleID="wc19B4430000000000"/>
    <ss:Cell ss:StyleID="wc19B4430000000000"/>
    <ss:Cell ss:StyleID="wc19B4430000000000"/>
    <ss:Cell ss:StyleID="wc19B4430000000000"/>
    <ss:Cell ss:StyleID="wc19B4430000000000"/>
    <ss:Cell ss:StyleID="wc19B4430000000000"/>
   </ss:Row>
   <ss:Row>
    <ss:Cell ss:StyleID="wc19B4430000000000"/>
    <ss:Cell ss:StyleID="wc19B4430000000000"/>
    <ss:Cell ss:StyleID="wc19B4430000000000"/>
    <ss:Cell ss:StyleID="wc19B4430000000000"/>
    <ss:Cell ss:StyleID="wc19B4430000000000"/>
    <ss:Cell ss:StyleID="wc19B4430000000000"/>
    <ss:Cell ss:StyleID="wc19B4430000000000"/>
    <ss:Cell ss:StyleID="wc19B4430000000000"/>
    <ss:Cell ss:StyleID="wc19B4430000000000"/>
    <ss:Cell ss:StyleID="wc19B4430000000000"/>
    <ss:Cell ss:StyleID="wc19B4430000000000"/>
    <ss:Cell ss:StyleID="wc19B4430000000000"/>
    <ss:Cell ss:StyleID="wc19B4430000000000"/>
   </ss:Row>
   <ss:Row>
    <ss:Cell ss:StyleID="wc19B4430000000000"/>
    <ss:Cell ss:StyleID="wc19B4430000000000"/>
    <ss:Cell ss:StyleID="wc19B4430000000000"/>
    <ss:Cell ss:StyleID="wc19B4430000000000"/>
    <ss:Cell ss:StyleID="wc19B4430000000000"/>
    <ss:Cell ss:StyleID="wc19B4430000000000"/>
    <ss:Cell ss:StyleID="wc19B4430000000000"/>
    <ss:Cell ss:StyleID="wc19B4430000000000"/>
    <ss:Cell ss:StyleID="wc19B4430000000000"/>
    <ss:Cell ss:StyleID="wc19B4430000000000"/>
    <ss:Cell ss:StyleID="wc19B4430000000000"/>
    <ss:Cell ss:StyleID="wc19B4430000000000"/>
    <ss:Cell ss:StyleID="wc19B4430000000000"/>
   </ss:Row>
   <ss:Row>
    <ss:Cell ss:StyleID="wc19B4430000000000"/>
    <ss:Cell ss:StyleID="wc19B4430000000000"/>
    <ss:Cell ss:StyleID="wc19B4430000000000"/>
    <ss:Cell ss:StyleID="wc19B4430000000000"/>
    <ss:Cell ss:StyleID="wc19B4430000000000"/>
    <ss:Cell ss:StyleID="wc19B4430000000000"/>
    <ss:Cell ss:StyleID="wc19B4430000000000"/>
    <ss:Cell ss:StyleID="wc19B4430000000000"/>
    <ss:Cell ss:StyleID="wc19B4430000000000"/>
    <ss:Cell ss:StyleID="wc19B4430000000000"/>
    <ss:Cell ss:StyleID="wc19B4430000000000"/>
    <ss:Cell ss:StyleID="wc19B4430000000000"/>
    <ss:Cell ss:StyleID="wc19B4430000000000"/>
   </ss:Row>
   <ss:Row>
    <ss:Cell ss:StyleID="wc19B4430000000000"/>
    <ss:Cell ss:StyleID="wc19B4430000000000"/>
    <ss:Cell ss:StyleID="wc19B4430000000000"/>
    <ss:Cell ss:StyleID="wc19B4430000000000"/>
    <ss:Cell ss:StyleID="wc19B4430000000000"/>
    <ss:Cell ss:StyleID="wc19B4430000000000"/>
    <ss:Cell ss:StyleID="wc19B4430000000000"/>
    <ss:Cell ss:StyleID="wc19B4430000000000"/>
    <ss:Cell ss:StyleID="wc19B4430000000000"/>
    <ss:Cell ss:StyleID="wc19B4430000000000"/>
    <ss:Cell ss:StyleID="wc19B4430000000000"/>
    <ss:Cell ss:StyleID="wc19B4430000000000"/>
    <ss:Cell ss:StyleID="wc19B4430000000000"/>
   </ss:Row>
   <ss:Row>
    <ss:Cell ss:StyleID="wc19B4430000000000"/>
    <ss:Cell ss:StyleID="wc19B4430000000000"/>
    <ss:Cell ss:StyleID="wc19B4430000000000"/>
    <ss:Cell ss:StyleID="wc19B4430000000000"/>
    <ss:Cell ss:StyleID="wc19B4430000000000"/>
    <ss:Cell ss:StyleID="wc19B4430000000000"/>
    <ss:Cell ss:StyleID="wc19B4430000000000"/>
    <ss:Cell ss:StyleID="wc19B4430000000000"/>
    <ss:Cell ss:StyleID="wc19B4430000000000"/>
    <ss:Cell ss:StyleID="wc19B4430000000000"/>
    <ss:Cell ss:StyleID="wc19B4430000000000"/>
    <ss:Cell ss:StyleID="wc19B4430000000000"/>
    <ss:Cell ss:StyleID="wc19B4430000000000"/>
   </ss:Row>
   <ss:Row>
    <ss:Cell ss:StyleID="wc19B4430000000000"/>
    <ss:Cell ss:StyleID="wc19B4430000000000"/>
    <ss:Cell ss:StyleID="wc19B4430000000000"/>
    <ss:Cell ss:StyleID="wc19B4430000000000"/>
    <ss:Cell ss:StyleID="wc19B4430000000000"/>
    <ss:Cell ss:StyleID="wc19B4430000000000"/>
    <ss:Cell ss:StyleID="wc19B4430000000000"/>
    <ss:Cell ss:StyleID="wc19B4430000000000"/>
    <ss:Cell ss:StyleID="wc19B4430000000000"/>
    <ss:Cell ss:StyleID="wc19B4430000000000"/>
    <ss:Cell ss:StyleID="wc19B4430000000000"/>
    <ss:Cell ss:StyleID="wc19B4430000000000"/>
    <ss:Cell ss:StyleID="wc19B4430000000000"/>
   </ss:Row>
   <ss:Row>
    <ss:Cell ss:StyleID="wc19B4430000000000"/>
    <ss:Cell ss:StyleID="wc19B4430000000000"/>
    <ss:Cell ss:StyleID="wc19B4430000000000"/>
    <ss:Cell ss:StyleID="wc19B4430000000000"/>
    <ss:Cell ss:StyleID="wc19B4430000000000"/>
    <ss:Cell ss:StyleID="wc19B4430000000000"/>
    <ss:Cell ss:StyleID="wc19B4430000000000"/>
    <ss:Cell ss:StyleID="wc19B4430000000000"/>
    <ss:Cell ss:StyleID="wc19B4430000000000"/>
    <ss:Cell ss:StyleID="wc19B4430000000000"/>
    <ss:Cell ss:StyleID="wc19B4430000000000"/>
    <ss:Cell ss:StyleID="wc19B4430000000000"/>
    <ss:Cell ss:StyleID="wc19B4430000000000"/>
   </ss:Row>
   <ss:Row>
    <ss:Cell ss:StyleID="wc19B4430000000000"/>
    <ss:Cell ss:StyleID="wc19B4430000000000"/>
    <ss:Cell ss:StyleID="wc19B4430000000000"/>
    <ss:Cell ss:StyleID="wc19B4430000000000"/>
    <ss:Cell ss:StyleID="wc19B4430000000000"/>
    <ss:Cell ss:StyleID="wc19B4430000000000"/>
    <ss:Cell ss:StyleID="wc19B4430000000000"/>
    <ss:Cell ss:StyleID="wc19B4430000000000"/>
    <ss:Cell ss:StyleID="wc19B4430000000000"/>
    <ss:Cell ss:StyleID="wc19B4430000000000"/>
    <ss:Cell ss:StyleID="wc19B4430000000000"/>
    <ss:Cell ss:StyleID="wc19B4430000000000"/>
    <ss:Cell ss:StyleID="wc19B4430000000000"/>
   </ss:Row>
   <ss:Row>
    <ss:Cell ss:StyleID="wc19B4430000000000"/>
    <ss:Cell ss:StyleID="wc19B4430000000000"/>
    <ss:Cell ss:StyleID="wc19B4430000000000"/>
    <ss:Cell ss:StyleID="wc19B4430000000000"/>
    <ss:Cell ss:StyleID="wc19B4430000000000"/>
    <ss:Cell ss:StyleID="wc19B4430000000000"/>
    <ss:Cell ss:StyleID="wc19B4430000000000"/>
    <ss:Cell ss:StyleID="wc19B4430000000000"/>
    <ss:Cell ss:StyleID="wc19B4430000000000"/>
    <ss:Cell ss:StyleID="wc19B4430000000000"/>
    <ss:Cell ss:StyleID="wc19B4430000000000"/>
    <ss:Cell ss:StyleID="wc19B4430000000000"/>
    <ss:Cell ss:StyleID="wc19B4430000000000"/>
   </ss:Row>
   <ss:Row>
    <ss:Cell ss:StyleID="wc19B4430000000000"/>
    <ss:Cell ss:StyleID="wc19B4430000000000"/>
    <ss:Cell ss:StyleID="wc19B4430000000000"/>
    <ss:Cell ss:StyleID="wc19B4430000000000"/>
    <ss:Cell ss:StyleID="wc19B4430000000000"/>
    <ss:Cell ss:StyleID="wc19B4430000000000"/>
    <ss:Cell ss:StyleID="wc19B4430000000000"/>
    <ss:Cell ss:StyleID="wc19B4430000000000"/>
    <ss:Cell ss:StyleID="wc19B4430000000000"/>
    <ss:Cell ss:StyleID="wc19B4430000000000"/>
    <ss:Cell ss:StyleID="wc19B4430000000000"/>
    <ss:Cell ss:StyleID="wc19B4430000000000"/>
    <ss:Cell ss:StyleID="wc19B4430000000000"/>
   </ss:Row>
   <ss:Row>
    <ss:Cell ss:StyleID="wc19B4430000000000"/>
    <ss:Cell ss:StyleID="wc19B4430000000000"/>
    <ss:Cell ss:StyleID="wc19B4430000000000"/>
    <ss:Cell ss:StyleID="wc19B4430000000000"/>
    <ss:Cell ss:StyleID="wc19B4430000000000"/>
    <ss:Cell ss:StyleID="wc19B4430000000000"/>
    <ss:Cell ss:StyleID="wc19B4430000000000"/>
    <ss:Cell ss:StyleID="wc19B4430000000000"/>
    <ss:Cell ss:StyleID="wc19B4430000000000"/>
    <ss:Cell ss:StyleID="wc19B4430000000000"/>
    <ss:Cell ss:StyleID="wc19B4430000000000"/>
    <ss:Cell ss:StyleID="wc19B4430000000000"/>
    <ss:Cell ss:StyleID="wc19B4430000000000"/>
   </ss:Row>
   <ss:Row>
    <ss:Cell ss:StyleID="wc19B4430000000000"/>
    <ss:Cell ss:StyleID="wc19B4430000000000"/>
    <ss:Cell ss:StyleID="wc19B4430000000000"/>
    <ss:Cell ss:StyleID="wc19B4430000000000"/>
    <ss:Cell ss:StyleID="wc19B4430000000000"/>
    <ss:Cell ss:StyleID="wc19B4430000000000"/>
    <ss:Cell ss:StyleID="wc19B4430000000000"/>
    <ss:Cell ss:StyleID="wc19B4430000000000"/>
    <ss:Cell ss:StyleID="wc19B4430000000000"/>
    <ss:Cell ss:StyleID="wc19B4430000000000"/>
    <ss:Cell ss:StyleID="wc19B4430000000000"/>
    <ss:Cell ss:StyleID="wc19B4430000000000"/>
    <ss:Cell ss:StyleID="wc19B4430000000000"/>
   </ss:Row>
   <ss:Row>
    <ss:Cell ss:StyleID="wc19B4430000000000"/>
    <ss:Cell ss:StyleID="wc19B4430000000000"/>
    <ss:Cell ss:StyleID="wc19B4430000000000"/>
    <ss:Cell ss:StyleID="wc19B4430000000000"/>
    <ss:Cell ss:StyleID="wc19B4430000000000"/>
    <ss:Cell ss:StyleID="wc19B4430000000000"/>
    <ss:Cell ss:StyleID="wc19B4430000000000"/>
    <ss:Cell ss:StyleID="wc19B4430000000000"/>
    <ss:Cell ss:StyleID="wc19B4430000000000"/>
    <ss:Cell ss:StyleID="wc19B4430000000000"/>
    <ss:Cell ss:StyleID="wc19B4430000000000"/>
    <ss:Cell ss:StyleID="wc19B4430000000000"/>
    <ss:Cell ss:StyleID="wc19B4430000000000"/>
   </ss:Row>
   <ss:Row>
    <ss:Cell ss:StyleID="wc19B4430000000000"/>
    <ss:Cell ss:StyleID="wc19B4430000000000"/>
    <ss:Cell ss:StyleID="wc19B4430000000000"/>
    <ss:Cell ss:StyleID="wc19B4430000000000"/>
    <ss:Cell ss:StyleID="wc19B4430000000000"/>
    <ss:Cell ss:StyleID="wc19B4430000000000"/>
    <ss:Cell ss:StyleID="wc19B4430000000000"/>
    <ss:Cell ss:StyleID="wc19B4430000000000"/>
    <ss:Cell ss:StyleID="wc19B4430000000000"/>
    <ss:Cell ss:StyleID="wc19B4430000000000"/>
    <ss:Cell ss:StyleID="wc19B4430000000000"/>
    <ss:Cell ss:StyleID="wc19B4430000000000"/>
    <ss:Cell ss:StyleID="wc19B4430000000000"/>
   </ss:Row>
   <ss:Row>
    <ss:Cell ss:StyleID="wc19B4430000000000"/>
    <ss:Cell ss:StyleID="wc19B4430000000000"/>
    <ss:Cell ss:StyleID="wc19B4430000000000"/>
    <ss:Cell ss:StyleID="wc19B4430000000000"/>
    <ss:Cell ss:StyleID="wc19B4430000000000"/>
    <ss:Cell ss:StyleID="wc19B4430000000000"/>
    <ss:Cell ss:StyleID="wc19B4430000000000"/>
    <ss:Cell ss:StyleID="wc19B4430000000000"/>
    <ss:Cell ss:StyleID="wc19B4430000000000"/>
    <ss:Cell ss:StyleID="wc19B4430000000000"/>
    <ss:Cell ss:StyleID="wc19B4430000000000"/>
    <ss:Cell ss:StyleID="wc19B4430000000000"/>
    <ss:Cell ss:StyleID="wc19B4430000000000"/>
   </ss:Row>
   <ss:Row>
    <ss:Cell ss:StyleID="wc19B4430000000000"/>
    <ss:Cell ss:StyleID="wc19B4430000000000"/>
    <ss:Cell ss:StyleID="wc19B4430000000000"/>
    <ss:Cell ss:StyleID="wc19B4430000000000"/>
    <ss:Cell ss:StyleID="wc19B4430000000000"/>
    <ss:Cell ss:StyleID="wc19B4430000000000"/>
    <ss:Cell ss:StyleID="wc19B4430000000000"/>
    <ss:Cell ss:StyleID="wc19B4430000000000"/>
    <ss:Cell ss:StyleID="wc19B4430000000000"/>
    <ss:Cell ss:StyleID="wc19B4430000000000"/>
    <ss:Cell ss:StyleID="wc19B4430000000000"/>
    <ss:Cell ss:StyleID="wc19B4430000000000"/>
    <ss:Cell ss:StyleID="wc19B4430000000000"/>
   </ss:Row>
   <ss:Row>
    <ss:Cell ss:StyleID="wc19B4430000000000"/>
    <ss:Cell ss:StyleID="wc19B4430000000000"/>
    <ss:Cell ss:StyleID="wc19B4430000000000"/>
    <ss:Cell ss:StyleID="wc19B4430000000000"/>
    <ss:Cell ss:StyleID="wc19B4430000000000"/>
    <ss:Cell ss:StyleID="wc19B4430000000000"/>
    <ss:Cell ss:StyleID="wc19B4430000000000"/>
    <ss:Cell ss:StyleID="wc19B4430000000000"/>
    <ss:Cell ss:StyleID="wc19B4430000000000"/>
    <ss:Cell ss:StyleID="wc19B4430000000000"/>
    <ss:Cell ss:StyleID="wc19B4430000000000"/>
    <ss:Cell ss:StyleID="wc19B4430000000000"/>
    <ss:Cell ss:StyleID="wc19B4430000000000"/>
   </ss:Row>
   <ss:Row>
    <ss:Cell ss:StyleID="wc19B4430000000000"/>
    <ss:Cell ss:StyleID="wc19B4430000000000"/>
    <ss:Cell ss:StyleID="wc19B4430000000000"/>
    <ss:Cell ss:StyleID="wc19B4430000000000"/>
    <ss:Cell ss:StyleID="wc19B4430000000000"/>
    <ss:Cell ss:StyleID="wc19B4430000000000"/>
    <ss:Cell ss:StyleID="wc19B4430000000000"/>
    <ss:Cell ss:StyleID="wc19B4430000000000"/>
    <ss:Cell ss:StyleID="wc19B4430000000000"/>
    <ss:Cell ss:StyleID="wc19B4430000000000"/>
    <ss:Cell ss:StyleID="wc19B4430000000000"/>
    <ss:Cell ss:StyleID="wc19B4430000000000"/>
    <ss:Cell ss:StyleID="wc19B4430000000000"/>
   </ss:Row>
   <ss:Row>
    <ss:Cell ss:StyleID="wc19B4430000000000"/>
    <ss:Cell ss:StyleID="wc19B4430000000000"/>
    <ss:Cell ss:StyleID="wc19B4430000000000"/>
    <ss:Cell ss:StyleID="wc19B4430000000000"/>
    <ss:Cell ss:StyleID="wc19B4430000000000"/>
    <ss:Cell ss:StyleID="wc19B4430000000000"/>
    <ss:Cell ss:StyleID="wc19B4430000000000"/>
    <ss:Cell ss:StyleID="wc19B4430000000000"/>
    <ss:Cell ss:StyleID="wc19B4430000000000"/>
    <ss:Cell ss:StyleID="wc19B4430000000000"/>
    <ss:Cell ss:StyleID="wc19B4430000000000"/>
    <ss:Cell ss:StyleID="wc19B4430000000000"/>
    <ss:Cell ss:StyleID="wc19B4430000000000"/>
   </ss:Row>
   <ss:Row>
    <ss:Cell ss:StyleID="wc19B4430000000000"/>
    <ss:Cell ss:StyleID="wc19B4430000000000"/>
    <ss:Cell ss:StyleID="wc19B4430000000000"/>
    <ss:Cell ss:StyleID="wc19B4430000000000"/>
    <ss:Cell ss:StyleID="wc19B4430000000000"/>
    <ss:Cell ss:StyleID="wc19B4430000000000"/>
    <ss:Cell ss:StyleID="wc19B4430000000000"/>
    <ss:Cell ss:StyleID="wc19B4430000000000"/>
    <ss:Cell ss:StyleID="wc19B4430000000000"/>
    <ss:Cell ss:StyleID="wc19B4430000000000"/>
    <ss:Cell ss:StyleID="wc19B4430000000000"/>
    <ss:Cell ss:StyleID="wc19B4430000000000"/>
    <ss:Cell ss:StyleID="wc19B4430000000000"/>
   </ss:Row>
   <ss:Row>
    <ss:Cell ss:StyleID="wc19B4430000000000"/>
    <ss:Cell ss:StyleID="wc19B4430000000000"/>
    <ss:Cell ss:StyleID="wc19B4430000000000"/>
    <ss:Cell ss:StyleID="wc19B4430000000000"/>
    <ss:Cell ss:StyleID="wc19B4430000000000"/>
    <ss:Cell ss:StyleID="wc19B4430000000000"/>
    <ss:Cell ss:StyleID="wc19B4430000000000"/>
    <ss:Cell ss:StyleID="wc19B4430000000000"/>
    <ss:Cell ss:StyleID="wc19B4430000000000"/>
    <ss:Cell ss:StyleID="wc19B4430000000000"/>
    <ss:Cell ss:StyleID="wc19B4430000000000"/>
    <ss:Cell ss:StyleID="wc19B4430000000000"/>
    <ss:Cell ss:StyleID="wc19B4430000000000"/>
   </ss:Row>
   <ss:Row>
    <ss:Cell ss:StyleID="wc19B4430000000000"/>
    <ss:Cell ss:StyleID="wc19B4430000000000"/>
    <ss:Cell ss:StyleID="wc19B4430000000000"/>
    <ss:Cell ss:StyleID="wc19B4430000000000"/>
    <ss:Cell ss:StyleID="wc19B4430000000000"/>
    <ss:Cell ss:StyleID="wc19B4430000000000"/>
    <ss:Cell ss:StyleID="wc19B4430000000000"/>
    <ss:Cell ss:StyleID="wc19B4430000000000"/>
    <ss:Cell ss:StyleID="wc19B4430000000000"/>
    <ss:Cell ss:StyleID="wc19B4430000000000"/>
    <ss:Cell ss:StyleID="wc19B4430000000000"/>
    <ss:Cell ss:StyleID="wc19B4430000000000"/>
    <ss:Cell ss:StyleID="wc19B4430000000000"/>
   </ss:Row>
   <ss:Row>
    <ss:Cell ss:StyleID="wc19B4430000000000"/>
    <ss:Cell ss:StyleID="wc19B4430000000000"/>
    <ss:Cell ss:StyleID="wc19B4430000000000"/>
    <ss:Cell ss:StyleID="wc19B4430000000000"/>
    <ss:Cell ss:StyleID="wc19B4430000000000"/>
    <ss:Cell ss:StyleID="wc19B4430000000000"/>
    <ss:Cell ss:StyleID="wc19B4430000000000"/>
    <ss:Cell ss:StyleID="wc19B4430000000000"/>
    <ss:Cell ss:StyleID="wc19B4430000000000"/>
    <ss:Cell ss:StyleID="wc19B4430000000000"/>
    <ss:Cell ss:StyleID="wc19B4430000000000"/>
    <ss:Cell ss:StyleID="wc19B4430000000000"/>
    <ss:Cell ss:StyleID="wc19B4430000000000"/>
   </ss:Row>
   <ss:Row>
    <ss:Cell ss:StyleID="wc19B4430000000000"/>
    <ss:Cell ss:StyleID="wc19B4430000000000"/>
    <ss:Cell ss:StyleID="wc19B4430000000000"/>
    <ss:Cell ss:StyleID="wc19B4430000000000"/>
    <ss:Cell ss:StyleID="wc19B4430000000000"/>
    <ss:Cell ss:StyleID="wc19B4430000000000"/>
    <ss:Cell ss:StyleID="wc19B4430000000000"/>
    <ss:Cell ss:StyleID="wc19B4430000000000"/>
    <ss:Cell ss:StyleID="wc19B4430000000000"/>
    <ss:Cell ss:StyleID="wc19B4430000000000"/>
    <ss:Cell ss:StyleID="wc19B4430000000000"/>
    <ss:Cell ss:StyleID="wc19B4430000000000"/>
    <ss:Cell ss:StyleID="wc19B4430000000000"/>
   </ss:Row>
   <ss:Row>
    <ss:Cell ss:StyleID="wc19B4430000000000"/>
    <ss:Cell ss:StyleID="wc19B4430000000000"/>
    <ss:Cell ss:StyleID="wc19B4430000000000"/>
    <ss:Cell ss:StyleID="wc19B4430000000000"/>
    <ss:Cell ss:StyleID="wc19B4430000000000"/>
    <ss:Cell ss:StyleID="wc19B4430000000000"/>
    <ss:Cell ss:StyleID="wc19B4430000000000"/>
    <ss:Cell ss:StyleID="wc19B4430000000000"/>
    <ss:Cell ss:StyleID="wc19B4430000000000"/>
    <ss:Cell ss:StyleID="wc19B4430000000000"/>
    <ss:Cell ss:StyleID="wc19B4430000000000"/>
    <ss:Cell ss:StyleID="wc19B4430000000000"/>
    <ss:Cell ss:StyleID="wc19B4430000000000"/>
   </ss:Row>
   <ss:Row>
    <ss:Cell ss:StyleID="wc19B4430000000000"/>
    <ss:Cell ss:StyleID="wc19B4430000000000"/>
    <ss:Cell ss:StyleID="wc19B4430000000000"/>
    <ss:Cell ss:StyleID="wc19B4430000000000"/>
    <ss:Cell ss:StyleID="wc19B4430000000000"/>
    <ss:Cell ss:StyleID="wc19B4430000000000"/>
    <ss:Cell ss:StyleID="wc19B4430000000000"/>
    <ss:Cell ss:StyleID="wc19B4430000000000"/>
    <ss:Cell ss:StyleID="wc19B4430000000000"/>
    <ss:Cell ss:StyleID="wc19B4430000000000"/>
    <ss:Cell ss:StyleID="wc19B4430000000000"/>
    <ss:Cell ss:StyleID="wc19B4430000000000"/>
    <ss:Cell ss:StyleID="wc19B4430000000000"/>
   </ss:Row>
   <ss:Row>
    <ss:Cell ss:StyleID="wc19B4430000000000"/>
    <ss:Cell ss:StyleID="wc19B4430000000000"/>
    <ss:Cell ss:StyleID="wc19B4430000000000"/>
    <ss:Cell ss:StyleID="wc19B4430000000000"/>
    <ss:Cell ss:StyleID="wc19B4430000000000"/>
    <ss:Cell ss:StyleID="wc19B4430000000000"/>
    <ss:Cell ss:StyleID="wc19B4430000000000"/>
    <ss:Cell ss:StyleID="wc19B4430000000000"/>
    <ss:Cell ss:StyleID="wc19B4430000000000"/>
    <ss:Cell ss:StyleID="wc19B4430000000000"/>
    <ss:Cell ss:StyleID="wc19B4430000000000"/>
    <ss:Cell ss:StyleID="wc19B4430000000000"/>
    <ss:Cell ss:StyleID="wc19B4430000000000"/>
   </ss:Row>
   <ss:Row>
    <ss:Cell ss:StyleID="wc19B4430000000000"/>
    <ss:Cell ss:StyleID="wc19B4430000000000"/>
    <ss:Cell ss:StyleID="wc19B4430000000000"/>
    <ss:Cell ss:StyleID="wc19B4430000000000"/>
    <ss:Cell ss:StyleID="wc19B4430000000000"/>
    <ss:Cell ss:StyleID="wc19B4430000000000"/>
    <ss:Cell ss:StyleID="wc19B4430000000000"/>
    <ss:Cell ss:StyleID="wc19B4430000000000"/>
    <ss:Cell ss:StyleID="wc19B4430000000000"/>
    <ss:Cell ss:StyleID="wc19B4430000000000"/>
    <ss:Cell ss:StyleID="wc19B4430000000000"/>
    <ss:Cell ss:StyleID="wc19B4430000000000"/>
    <ss:Cell ss:StyleID="wc19B4430000000000"/>
   </ss:Row>
   <ss:Row>
    <ss:Cell ss:StyleID="wc19B4430000000000"/>
    <ss:Cell ss:StyleID="wc19B4430000000000"/>
    <ss:Cell ss:StyleID="wc19B4430000000000"/>
    <ss:Cell ss:StyleID="wc19B4430000000000"/>
    <ss:Cell ss:StyleID="wc19B4430000000000"/>
    <ss:Cell ss:StyleID="wc19B4430000000000"/>
    <ss:Cell ss:StyleID="wc19B4430000000000"/>
    <ss:Cell ss:StyleID="wc19B4430000000000"/>
    <ss:Cell ss:StyleID="wc19B4430000000000"/>
    <ss:Cell ss:StyleID="wc19B4430000000000"/>
    <ss:Cell ss:StyleID="wc19B4430000000000"/>
    <ss:Cell ss:StyleID="wc19B4430000000000"/>
    <ss:Cell ss:StyleID="wc19B4430000000000"/>
   </ss:Row>
   <ss:Row>
    <ss:Cell ss:StyleID="wc19B4430000000000"/>
    <ss:Cell ss:StyleID="wc19B4430000000000"/>
    <ss:Cell ss:StyleID="wc19B4430000000000"/>
    <ss:Cell ss:StyleID="wc19B4430000000000"/>
    <ss:Cell ss:StyleID="wc19B4430000000000"/>
    <ss:Cell ss:StyleID="wc19B4430000000000"/>
    <ss:Cell ss:StyleID="wc19B4430000000000"/>
    <ss:Cell ss:StyleID="wc19B4430000000000"/>
    <ss:Cell ss:StyleID="wc19B4430000000000"/>
    <ss:Cell ss:StyleID="wc19B4430000000000"/>
    <ss:Cell ss:StyleID="wc19B4430000000000"/>
    <ss:Cell ss:StyleID="wc19B4430000000000"/>
    <ss:Cell ss:StyleID="wc19B4430000000000"/>
   </ss:Row>
   <ss:Row>
    <ss:Cell ss:StyleID="wc19B4430000000000"/>
    <ss:Cell ss:StyleID="wc19B4430000000000"/>
    <ss:Cell ss:StyleID="wc19B4430000000000"/>
    <ss:Cell ss:StyleID="wc19B4430000000000"/>
    <ss:Cell ss:StyleID="wc19B4430000000000"/>
    <ss:Cell ss:StyleID="wc19B4430000000000"/>
    <ss:Cell ss:StyleID="wc19B4430000000000"/>
    <ss:Cell ss:StyleID="wc19B4430000000000"/>
    <ss:Cell ss:StyleID="wc19B4430000000000"/>
    <ss:Cell ss:StyleID="wc19B4430000000000"/>
    <ss:Cell ss:StyleID="wc19B4430000000000"/>
    <ss:Cell ss:StyleID="wc19B4430000000000"/>
    <ss:Cell ss:StyleID="wc19B4430000000000"/>
   </ss:Row>
   <ss:Row>
    <ss:Cell ss:StyleID="wc19B4430000000000"/>
    <ss:Cell ss:StyleID="wc19B4430000000000"/>
    <ss:Cell ss:StyleID="wc19B4430000000000"/>
    <ss:Cell ss:StyleID="wc19B4430000000000"/>
    <ss:Cell ss:StyleID="wc19B4430000000000"/>
    <ss:Cell ss:StyleID="wc19B4430000000000"/>
    <ss:Cell ss:StyleID="wc19B4430000000000"/>
    <ss:Cell ss:StyleID="wc19B4430000000000"/>
    <ss:Cell ss:StyleID="wc19B4430000000000"/>
    <ss:Cell ss:StyleID="wc19B4430000000000"/>
    <ss:Cell ss:StyleID="wc19B4430000000000"/>
    <ss:Cell ss:StyleID="wc19B4430000000000"/>
    <ss:Cell ss:StyleID="wc19B4430000000000"/>
   </ss:Row>
   <ss:Row>
    <ss:Cell ss:StyleID="wc19B4430000000000"/>
    <ss:Cell ss:StyleID="wc19B4430000000000"/>
    <ss:Cell ss:StyleID="wc19B4430000000000"/>
    <ss:Cell ss:StyleID="wc19B4430000000000"/>
    <ss:Cell ss:StyleID="wc19B4430000000000"/>
    <ss:Cell ss:StyleID="wc19B4430000000000"/>
    <ss:Cell ss:StyleID="wc19B4430000000000"/>
    <ss:Cell ss:StyleID="wc19B4430000000000"/>
    <ss:Cell ss:StyleID="wc19B4430000000000"/>
    <ss:Cell ss:StyleID="wc19B4430000000000"/>
    <ss:Cell ss:StyleID="wc19B4430000000000"/>
    <ss:Cell ss:StyleID="wc19B4430000000000"/>
    <ss:Cell ss:StyleID="wc19B4430000000000"/>
   </ss:Row>
   <ss:Row>
    <ss:Cell ss:StyleID="wc19B4430000000000"/>
    <ss:Cell ss:StyleID="wc19B4430000000000"/>
    <ss:Cell ss:StyleID="wc19B4430000000000"/>
    <ss:Cell ss:StyleID="wc19B4430000000000"/>
    <ss:Cell ss:StyleID="wc19B4430000000000"/>
    <ss:Cell ss:StyleID="wc19B4430000000000"/>
    <ss:Cell ss:StyleID="wc19B4430000000000"/>
    <ss:Cell ss:StyleID="wc19B4430000000000"/>
    <ss:Cell ss:StyleID="wc19B4430000000000"/>
    <ss:Cell ss:StyleID="wc19B4430000000000"/>
    <ss:Cell ss:StyleID="wc19B4430000000000"/>
    <ss:Cell ss:StyleID="wc19B4430000000000"/>
    <ss:Cell ss:StyleID="wc19B4430000000000"/>
   </ss:Row>
   <ss:Row>
    <ss:Cell ss:StyleID="wc19B4430000000000"/>
    <ss:Cell ss:StyleID="wc19B4430000000000"/>
    <ss:Cell ss:StyleID="wc19B4430000000000"/>
    <ss:Cell ss:StyleID="wc19B4430000000000"/>
    <ss:Cell ss:StyleID="wc19B4430000000000"/>
    <ss:Cell ss:StyleID="wc19B4430000000000"/>
    <ss:Cell ss:StyleID="wc19B4430000000000"/>
    <ss:Cell ss:StyleID="wc19B4430000000000"/>
    <ss:Cell ss:StyleID="wc19B4430000000000"/>
    <ss:Cell ss:StyleID="wc19B4430000000000"/>
    <ss:Cell ss:StyleID="wc19B4430000000000"/>
    <ss:Cell ss:StyleID="wc19B4430000000000"/>
    <ss:Cell ss:StyleID="wc19B4430000000000"/>
   </ss:Row>
   <ss:Row>
    <ss:Cell ss:StyleID="wc19B4430000000000"/>
    <ss:Cell ss:StyleID="wc19B4430000000000"/>
    <ss:Cell ss:StyleID="wc19B4430000000000"/>
    <ss:Cell ss:StyleID="wc19B4430000000000"/>
    <ss:Cell ss:StyleID="wc19B4430000000000"/>
    <ss:Cell ss:StyleID="wc19B4430000000000"/>
    <ss:Cell ss:StyleID="wc19B4430000000000"/>
    <ss:Cell ss:StyleID="wc19B4430000000000"/>
    <ss:Cell ss:StyleID="wc19B4430000000000"/>
    <ss:Cell ss:StyleID="wc19B4430000000000"/>
    <ss:Cell ss:StyleID="wc19B4430000000000"/>
    <ss:Cell ss:StyleID="wc19B4430000000000"/>
    <ss:Cell ss:StyleID="wc19B4430000000000"/>
   </ss:Row>
   <ss:Row>
    <ss:Cell ss:StyleID="wc19B4430000000000"/>
    <ss:Cell ss:StyleID="wc19B4430000000000"/>
    <ss:Cell ss:StyleID="wc19B4430000000000"/>
    <ss:Cell ss:StyleID="wc19B4430000000000"/>
    <ss:Cell ss:StyleID="wc19B4430000000000"/>
    <ss:Cell ss:StyleID="wc19B4430000000000"/>
    <ss:Cell ss:StyleID="wc19B4430000000000"/>
    <ss:Cell ss:StyleID="wc19B4430000000000"/>
    <ss:Cell ss:StyleID="wc19B4430000000000"/>
    <ss:Cell ss:StyleID="wc19B4430000000000"/>
    <ss:Cell ss:StyleID="wc19B4430000000000"/>
    <ss:Cell ss:StyleID="wc19B4430000000000"/>
    <ss:Cell ss:StyleID="wc19B4430000000000"/>
   </ss:Row>
   <ss:Row>
    <ss:Cell ss:StyleID="wc19B4430000000000"/>
    <ss:Cell ss:StyleID="wc19B4430000000000"/>
    <ss:Cell ss:StyleID="wc19B4430000000000"/>
    <ss:Cell ss:StyleID="wc19B4430000000000"/>
    <ss:Cell ss:StyleID="wc19B4430000000000"/>
    <ss:Cell ss:StyleID="wc19B4430000000000"/>
    <ss:Cell ss:StyleID="wc19B4430000000000"/>
    <ss:Cell ss:StyleID="wc19B4430000000000"/>
    <ss:Cell ss:StyleID="wc19B4430000000000"/>
    <ss:Cell ss:StyleID="wc19B4430000000000"/>
    <ss:Cell ss:StyleID="wc19B4430000000000"/>
    <ss:Cell ss:StyleID="wc19B4430000000000"/>
    <ss:Cell ss:StyleID="wc19B4430000000000"/>
   </ss:Row>
   <ss:Row>
    <ss:Cell ss:StyleID="wc19B4430000000000"/>
    <ss:Cell ss:StyleID="wc19B4430000000000"/>
    <ss:Cell ss:StyleID="wc19B4430000000000"/>
    <ss:Cell ss:StyleID="wc19B4430000000000"/>
    <ss:Cell ss:StyleID="wc19B4430000000000"/>
    <ss:Cell ss:StyleID="wc19B4430000000000"/>
    <ss:Cell ss:StyleID="wc19B4430000000000"/>
    <ss:Cell ss:StyleID="wc19B4430000000000"/>
    <ss:Cell ss:StyleID="wc19B4430000000000"/>
    <ss:Cell ss:StyleID="wc19B4430000000000"/>
    <ss:Cell ss:StyleID="wc19B4430000000000"/>
    <ss:Cell ss:StyleID="wc19B4430000000000"/>
    <ss:Cell ss:StyleID="wc19B4430000000000"/>
   </ss:Row>
   <ss:Row>
    <ss:Cell ss:StyleID="wc19B4430000000000"/>
    <ss:Cell ss:StyleID="wc19B4430000000000"/>
    <ss:Cell ss:StyleID="wc19B4430000000000"/>
    <ss:Cell ss:StyleID="wc19B4430000000000"/>
    <ss:Cell ss:StyleID="wc19B4430000000000"/>
    <ss:Cell ss:StyleID="wc19B4430000000000"/>
    <ss:Cell ss:StyleID="wc19B4430000000000"/>
    <ss:Cell ss:StyleID="wc19B4430000000000"/>
    <ss:Cell ss:StyleID="wc19B4430000000000"/>
    <ss:Cell ss:StyleID="wc19B4430000000000"/>
    <ss:Cell ss:StyleID="wc19B4430000000000"/>
    <ss:Cell ss:StyleID="wc19B4430000000000"/>
    <ss:Cell ss:StyleID="wc19B4430000000000"/>
   </ss:Row>
   <ss:Row>
    <ss:Cell ss:StyleID="wc19B4430000000000"/>
    <ss:Cell ss:StyleID="wc19B4430000000000"/>
    <ss:Cell ss:StyleID="wc19B4430000000000"/>
    <ss:Cell ss:StyleID="wc19B4430000000000"/>
    <ss:Cell ss:StyleID="wc19B4430000000000"/>
    <ss:Cell ss:StyleID="wc19B4430000000000"/>
    <ss:Cell ss:StyleID="wc19B4430000000000"/>
    <ss:Cell ss:StyleID="wc19B4430000000000"/>
    <ss:Cell ss:StyleID="wc19B4430000000000"/>
    <ss:Cell ss:StyleID="wc19B4430000000000"/>
    <ss:Cell ss:StyleID="wc19B4430000000000"/>
    <ss:Cell ss:StyleID="wc19B4430000000000"/>
    <ss:Cell ss:StyleID="wc19B4430000000000"/>
   </ss:Row>
   <ss:Row>
    <ss:Cell ss:StyleID="wc19B4430000000000"/>
    <ss:Cell ss:StyleID="wc19B4430000000000"/>
    <ss:Cell ss:StyleID="wc19B4430000000000"/>
    <ss:Cell ss:StyleID="wc19B4430000000000"/>
    <ss:Cell ss:StyleID="wc19B4430000000000"/>
    <ss:Cell ss:StyleID="wc19B4430000000000"/>
    <ss:Cell ss:StyleID="wc19B4430000000000"/>
    <ss:Cell ss:StyleID="wc19B4430000000000"/>
    <ss:Cell ss:StyleID="wc19B4430000000000"/>
    <ss:Cell ss:StyleID="wc19B4430000000000"/>
    <ss:Cell ss:StyleID="wc19B4430000000000"/>
    <ss:Cell ss:StyleID="wc19B4430000000000"/>
    <ss:Cell ss:StyleID="wc19B4430000000000"/>
   </ss:Row>
   <ss:Row>
    <ss:Cell ss:StyleID="wc19B4430000000000"/>
    <ss:Cell ss:StyleID="wc19B4430000000000"/>
    <ss:Cell ss:StyleID="wc19B4430000000000"/>
    <ss:Cell ss:StyleID="wc19B4430000000000"/>
    <ss:Cell ss:StyleID="wc19B4430000000000"/>
    <ss:Cell ss:StyleID="wc19B4430000000000"/>
    <ss:Cell ss:StyleID="wc19B4430000000000"/>
    <ss:Cell ss:StyleID="wc19B4430000000000"/>
    <ss:Cell ss:StyleID="wc19B4430000000000"/>
    <ss:Cell ss:StyleID="wc19B4430000000000"/>
    <ss:Cell ss:StyleID="wc19B4430000000000"/>
    <ss:Cell ss:StyleID="wc19B4430000000000"/>
    <ss:Cell ss:StyleID="wc19B4430000000000"/>
   </ss:Row>
   <ss:Row>
    <ss:Cell ss:StyleID="wc19B4430000000000"/>
    <ss:Cell ss:StyleID="wc19B4430000000000"/>
    <ss:Cell ss:StyleID="wc19B4430000000000"/>
    <ss:Cell ss:StyleID="wc19B4430000000000"/>
    <ss:Cell ss:StyleID="wc19B4430000000000"/>
    <ss:Cell ss:StyleID="wc19B4430000000000"/>
    <ss:Cell ss:StyleID="wc19B4430000000000"/>
    <ss:Cell ss:StyleID="wc19B4430000000000"/>
    <ss:Cell ss:StyleID="wc19B4430000000000"/>
    <ss:Cell ss:StyleID="wc19B4430000000000"/>
    <ss:Cell ss:StyleID="wc19B4430000000000"/>
    <ss:Cell ss:StyleID="wc19B4430000000000"/>
    <ss:Cell ss:StyleID="wc19B4430000000000"/>
   </ss:Row>
   <ss:Row>
    <ss:Cell ss:StyleID="wc19B4430000000000"/>
    <ss:Cell ss:StyleID="wc19B4430000000000"/>
    <ss:Cell ss:StyleID="wc19B4430000000000"/>
    <ss:Cell ss:StyleID="wc19B4430000000000"/>
    <ss:Cell ss:StyleID="wc19B4430000000000"/>
    <ss:Cell ss:StyleID="wc19B4430000000000"/>
    <ss:Cell ss:StyleID="wc19B4430000000000"/>
    <ss:Cell ss:StyleID="wc19B4430000000000"/>
    <ss:Cell ss:StyleID="wc19B4430000000000"/>
    <ss:Cell ss:StyleID="wc19B4430000000000"/>
    <ss:Cell ss:StyleID="wc19B4430000000000"/>
    <ss:Cell ss:StyleID="wc19B4430000000000"/>
    <ss:Cell ss:StyleID="wc19B4430000000000"/>
   </ss:Row>
   <ss:Row>
    <ss:Cell ss:StyleID="wc19B4430000000000"/>
    <ss:Cell ss:StyleID="wc19B4430000000000"/>
    <ss:Cell ss:StyleID="wc19B4430000000000"/>
    <ss:Cell ss:StyleID="wc19B4430000000000"/>
    <ss:Cell ss:StyleID="wc19B4430000000000"/>
    <ss:Cell ss:StyleID="wc19B4430000000000"/>
    <ss:Cell ss:StyleID="wc19B4430000000000"/>
    <ss:Cell ss:StyleID="wc19B4430000000000"/>
    <ss:Cell ss:StyleID="wc19B4430000000000"/>
    <ss:Cell ss:StyleID="wc19B4430000000000"/>
    <ss:Cell ss:StyleID="wc19B4430000000000"/>
    <ss:Cell ss:StyleID="wc19B4430000000000"/>
    <ss:Cell ss:StyleID="wc19B4430000000000"/>
   </ss:Row>
   <ss:Row>
    <ss:Cell ss:StyleID="wc19B4430000000000"/>
    <ss:Cell ss:StyleID="wc19B4430000000000"/>
    <ss:Cell ss:StyleID="wc19B4430000000000"/>
    <ss:Cell ss:StyleID="wc19B4430000000000"/>
    <ss:Cell ss:StyleID="wc19B4430000000000"/>
    <ss:Cell ss:StyleID="wc19B4430000000000"/>
    <ss:Cell ss:StyleID="wc19B4430000000000"/>
    <ss:Cell ss:StyleID="wc19B4430000000000"/>
    <ss:Cell ss:StyleID="wc19B4430000000000"/>
    <ss:Cell ss:StyleID="wc19B4430000000000"/>
    <ss:Cell ss:StyleID="wc19B4430000000000"/>
    <ss:Cell ss:StyleID="wc19B4430000000000"/>
    <ss:Cell ss:StyleID="wc19B4430000000000"/>
   </ss:Row>
   <ss:Row>
    <ss:Cell ss:StyleID="wc19B4430000000000"/>
    <ss:Cell ss:StyleID="wc19B4430000000000"/>
    <ss:Cell ss:StyleID="wc19B4430000000000"/>
    <ss:Cell ss:StyleID="wc19B4430000000000"/>
    <ss:Cell ss:StyleID="wc19B4430000000000"/>
    <ss:Cell ss:StyleID="wc19B4430000000000"/>
    <ss:Cell ss:StyleID="wc19B4430000000000"/>
    <ss:Cell ss:StyleID="wc19B4430000000000"/>
    <ss:Cell ss:StyleID="wc19B4430000000000"/>
    <ss:Cell ss:StyleID="wc19B4430000000000"/>
    <ss:Cell ss:StyleID="wc19B4430000000000"/>
    <ss:Cell ss:StyleID="wc19B4430000000000"/>
    <ss:Cell ss:StyleID="wc19B4430000000000"/>
   </ss:Row>
   <ss:Row>
    <ss:Cell ss:StyleID="wc19B4430000000000"/>
    <ss:Cell ss:StyleID="wc19B4430000000000"/>
    <ss:Cell ss:StyleID="wc19B4430000000000"/>
    <ss:Cell ss:StyleID="wc19B4430000000000"/>
    <ss:Cell ss:StyleID="wc19B4430000000000"/>
    <ss:Cell ss:StyleID="wc19B4430000000000"/>
    <ss:Cell ss:StyleID="wc19B4430000000000"/>
    <ss:Cell ss:StyleID="wc19B4430000000000"/>
    <ss:Cell ss:StyleID="wc19B4430000000000"/>
    <ss:Cell ss:StyleID="wc19B4430000000000"/>
    <ss:Cell ss:StyleID="wc19B4430000000000"/>
    <ss:Cell ss:StyleID="wc19B4430000000000"/>
    <ss:Cell ss:StyleID="wc19B4430000000000"/>
   </ss:Row>
   <ss:Row>
    <ss:Cell ss:StyleID="wc19B4430000000000"/>
    <ss:Cell ss:StyleID="wc19B4430000000000"/>
    <ss:Cell ss:StyleID="wc19B4430000000000"/>
    <ss:Cell ss:StyleID="wc19B4430000000000"/>
    <ss:Cell ss:StyleID="wc19B4430000000000"/>
    <ss:Cell ss:StyleID="wc19B4430000000000"/>
    <ss:Cell ss:StyleID="wc19B4430000000000"/>
    <ss:Cell ss:StyleID="wc19B4430000000000"/>
    <ss:Cell ss:StyleID="wc19B4430000000000"/>
    <ss:Cell ss:StyleID="wc19B4430000000000"/>
    <ss:Cell ss:StyleID="wc19B4430000000000"/>
    <ss:Cell ss:StyleID="wc19B4430000000000"/>
    <ss:Cell ss:StyleID="wc19B4430000000000"/>
   </ss:Row>
   <ss:Row>
    <ss:Cell ss:StyleID="wc19B4430000000000"/>
    <ss:Cell ss:StyleID="wc19B4430000000000"/>
    <ss:Cell ss:StyleID="wc19B4430000000000"/>
    <ss:Cell ss:StyleID="wc19B4430000000000"/>
    <ss:Cell ss:StyleID="wc19B4430000000000"/>
    <ss:Cell ss:StyleID="wc19B4430000000000"/>
    <ss:Cell ss:StyleID="wc19B4430000000000"/>
    <ss:Cell ss:StyleID="wc19B4430000000000"/>
    <ss:Cell ss:StyleID="wc19B4430000000000"/>
    <ss:Cell ss:StyleID="wc19B4430000000000"/>
    <ss:Cell ss:StyleID="wc19B4430000000000"/>
    <ss:Cell ss:StyleID="wc19B4430000000000"/>
    <ss:Cell ss:StyleID="wc19B4430000000000"/>
   </ss:Row>
   <ss:Row>
    <ss:Cell ss:StyleID="wc19B4430000000000"/>
    <ss:Cell ss:StyleID="wc19B4430000000000"/>
    <ss:Cell ss:StyleID="wc19B4430000000000"/>
    <ss:Cell ss:StyleID="wc19B4430000000000"/>
    <ss:Cell ss:StyleID="wc19B4430000000000"/>
    <ss:Cell ss:StyleID="wc19B4430000000000"/>
    <ss:Cell ss:StyleID="wc19B4430000000000"/>
    <ss:Cell ss:StyleID="wc19B4430000000000"/>
    <ss:Cell ss:StyleID="wc19B4430000000000"/>
    <ss:Cell ss:StyleID="wc19B4430000000000"/>
    <ss:Cell ss:StyleID="wc19B4430000000000"/>
    <ss:Cell ss:StyleID="wc19B4430000000000"/>
    <ss:Cell ss:StyleID="wc19B4430000000000"/>
   </ss:Row>
  </ss:Table>
 </ss:Worksheet>
 <ss:Worksheet ss:Name="Hoja2">
  <x:WorksheetOptions>
   <x:ViewableRange>R1:R262144</x:ViewableRange>
   <x:Selection>R3C2</x:Selection>
   <x:TopRowVisible>0</x:TopRowVisible>
   <x:LeftColumnVisible>0</x:LeftColumnVisible>
   <x:ProtectContents>False</x:ProtectContents>
  </x:WorksheetOptions>
  <c:WorksheetOptions>
  </c:WorksheetOptions>
  <ss:Table ss:ExpandedColumnCount="21" ss:ExpandedRowCount="1"
   ss:DefaultColumnWidth="48.0" ss:DefaultRowHeight="12.75">
   <ss:Row ss:Height="15.0" ss:AutoFitHeight="0">
    <ss:Cell ss:Index="2" ss:StyleID="wc19B4470000000000">
     <ss:Data ss:Type="String">Archivo</ss:Data>
    </ss:Cell>
    <ss:Cell ss:StyleID="wc19B4470000000000">
     <ss:Data ss:Type="String">UUID</ss:Data>
    </ss:Cell>
    <ss:Cell ss:StyleID="wc19B4470000000000">
     <ss:Data ss:Type="String">RFCEmisor</ss:Data>
    </ss:Cell>
    <ss:Cell ss:StyleID="wc19B4480000000000">
     <ss:Data ss:Type="String">TotalDoc</ss:Data>
    </ss:Cell>
    <ss:Cell ss:StyleID="wc19B4480000000000">
     <ss:Data ss:Type="String">MonedaDoc</ss:Data>
    </ss:Cell>
    <ss:Cell ss:StyleID="wc19B4480000000000">
     <ss:Data ss:Type="String">TipoCam</ss:Data>
    </ss:Cell>
    <ss:Cell ss:StyleID="wc19B4480000000000">
     <ss:Data ss:Type="String">SubtotalMov</ss:Data>
    </ss:Cell>
    <ss:Cell ss:StyleID="wc19B4480000000000">
     <ss:Data ss:Type="String">Descuentos</ss:Data>
    </ss:Cell>
    <ss:Cell ss:StyleID="wc19B4480000000000">
     <ss:Data ss:Type="String">Tasa</ss:Data>
    </ss:Cell>
    <ss:Cell ss:StyleID="wc19B4480000000000">
     <ss:Data ss:Type="String">Base</ss:Data>
    </ss:Cell>
    <ss:Cell ss:StyleID="wc19B4480000000000">
     <ss:Data ss:Type="String">IVA</ss:Data>
    </ss:Cell>
    <ss:Cell ss:StyleID="wc19B4480000000000">
     <ss:Data ss:Type="String">IEPS</ss:Data>
    </ss:Cell>
    <ss:Cell ss:StyleID="wc19B4490000000000">
     <ss:Data ss:Type="String">RetIVA</ss:Data>
    </ss:Cell>
    <ss:Cell ss:StyleID="wc19B4480000000000">
     <ss:Data ss:Type="String">RetISR</ss:Data>
    </ss:Cell>
    <ss:Cell ss:StyleID="wc19B4480000000000">
     <ss:Data ss:Type="String">Otros</ss:Data>
    </ss:Cell>
    <ss:Cell ss:StyleID="wc19B4480000000000">
     <ss:Data ss:Type="String">Total</ss:Data>
    </ss:Cell>
    <ss:Cell ss:StyleID="wc19B4480000000000">
     <ss:Data ss:Type="String">Version</ss:Data>
    </ss:Cell>
    <ss:Cell ss:StyleID="wc19B44A0000000000">
     <ss:Data ss:Type="String">FlujoPoliza</ss:Data>
    </ss:Cell>
    <ss:Cell ss:StyleID="wc19B4480000000000">
     <ss:Data ss:Type="String">XMLPol</ss:Data>
    </ss:Cell>
    <ss:Cell ss:StyleID="wc19B44A0000000000">
     <ss:Data ss:Type="String">FactorPago</ss:Data>
    </ss:Cell>
   </ss:Row>
  </ss:Table>
 </ss:Worksheet>
 <ss:Worksheet ss:Name="Hoja3">
  <x:WorksheetOptions>
   <x:ViewableRange>R1:R262144</x:ViewableRange>
   <x:Selection>R1C1</x:Selection>
   <x:TopRowVisible>0</x:TopRowVisible>
   <x:LeftColumnVisible>0</x:LeftColumnVisible>
   <x:ProtectContents>False</x:ProtectContents>
  </x:WorksheetOptions>
  <c:WorksheetOptions>
  </c:WorksheetOptions>
 </ss:Worksheet>
</ss:Workbook>
